-- phpMyAdmin SQL Dump
-- version 5.2.1
-- https://www.phpmyadmin.net/
--
-- Host: 127.0.0.1
-- Generation Time: May 01, 2025 at 08:41 AM
-- Server version: 10.4.32-MariaDB
-- PHP Version: 8.2.12

SET SQL_MODE = "NO_AUTO_VALUE_ON_ZERO";
START TRANSACTION;
SET time_zone = "+00:00";


/*!40101 SET @OLD_CHARACTER_SET_CLIENT=@@CHARACTER_SET_CLIENT */;
/*!40101 SET @OLD_CHARACTER_SET_RESULTS=@@CHARACTER_SET_RESULTS */;
/*!40101 SET @OLD_COLLATION_CONNECTION=@@COLLATION_CONNECTION */;
/*!40101 SET NAMES utf8mb4 */;

--
-- Database: `unicxdb`
--

-- --------------------------------------------------------

--
-- Table structure for table `category`
--

CREATE TABLE `category` (
  `id` int(11) NOT NULL,
  `name` varchar(255) NOT NULL,
  `created_at` timestamp NOT NULL DEFAULT current_timestamp()
) ENGINE=InnoDB DEFAULT CHARSET=utf8mb4 COLLATE=utf8mb4_general_ci;

--
-- Dumping data for table `category`
--

INSERT INTO `category` (`id`, `name`, `created_at`) VALUES
(1, 'Tax & Compliance', '2025-04-04 08:14:16'),
(2, 'Business Setup', '2025-04-04 09:00:07'),
(4, 'Trademark & IP', '2025-04-04 11:55:18'),
(5, 'Documentation', '2025-04-04 11:55:29'),
(6, 'Others', '2025-04-04 11:55:39'),
(7, 'testing1', '2025-04-28 05:44:35');

-- --------------------------------------------------------

--
-- Table structure for table `subcategories`
--

CREATE TABLE `subcategories` (
  `id` int(11) NOT NULL,
  `category_id` int(11) NOT NULL,
  `name` varchar(255) NOT NULL,
  `created_at` timestamp NOT NULL DEFAULT current_timestamp()
) ENGINE=InnoDB DEFAULT CHARSET=utf8mb4 COLLATE=utf8mb4_general_ci;

--
-- Dumping data for table `subcategories`
--

INSERT INTO `subcategories` (`id`, `category_id`, `name`, `created_at`) VALUES
(2, 2, 'sub new cat', '2025-04-04 10:19:21'),
(3, 1, 'ddddsd sub cat', '2025-04-04 10:19:31'),
(4, 2, 'new cat su cat', '2025-04-04 10:19:48'),
(5, 7, 'testing sub ', '2025-04-28 05:45:25');

-- --------------------------------------------------------

--
-- Table structure for table `subsubcategories`
--

CREATE TABLE `subsubcategories` (
  `id` int(11) NOT NULL,
  `category_id` int(11) NOT NULL,
  `subcategory_id` int(11) NOT NULL,
  `name` varchar(255) NOT NULL,
  `created_at` timestamp NOT NULL DEFAULT current_timestamp(),
  `description` text DEFAULT NULL,
  `title` varchar(255) DEFAULT NULL,
  `meta_keywords` varchar(255) DEFAULT NULL,
  `meta_description` text DEFAULT NULL,
  `sections` text DEFAULT NULL
) ENGINE=InnoDB DEFAULT CHARSET=utf8mb4 COLLATE=utf8mb4_general_ci;

--
-- Dumping data for table `subsubcategories`
--

INSERT INTO `subsubcategories` (`id`, `category_id`, `subcategory_id`, `name`, `created_at`, `description`, `title`, `meta_keywords`, `meta_description`, `sections`) VALUES
(2, 1, 3, 'Test', '2025-04-04 10:38:04', NULL, NULL, NULL, NULL, NULL),
(3, 2, 4, 'xasxasxsaxsa', '2025-04-04 10:54:29', NULL, NULL, NULL, NULL, NULL),
(4, 2, 2, 'xasxsacsac', '2025-04-04 10:54:34', NULL, NULL, NULL, NULL, NULL),
(7, 1, 1, 'Frontend Development', '2025-04-20 17:29:09', 'All about frontend technologies', 'Learn React & CSS', 'react,css,html', 'Frontend tutorials and guides', NULL),
(8, 1, 2, 'Backend Development', '2025-04-20 17:29:09', 'Covers backend tech like Node.js', 'Master Node.js', 'nodejs,express,mongodb', 'Backend dev insights', NULL),
(9, 2, 3, 'Mobile Development', '2025-04-20 17:29:09', 'iOS and Android app development', 'Flutter & React Native', 'flutter,react-native,ios', 'Learn to build mobile apps', NULL),
(10, 2, 4, 'Data Science', '2025-04-20 17:29:09', 'Explore ML, AI, and data analysis', 'Python & Machine Learning', 'python,ml,data', 'Data science tutorials', '[{\"title\":\"Section 1\",\"description\":\"<ul><li><strong>Filler text is text <em>that shares some characteristics of</em> a real written</strong> text, but is random or otherwise generated. It may be used to display a sample of fonts, generate text for testing, or to s<strong>poof an e-mail spam filter.Filler text is text that shares some characteristics of a real written text, but is random or otherwi</strong>s generate text for testing, or to spoof an e-mail spam filter.Filler text is text that shares some characteristics of a real written text, but is random or otherwise generated. It may be used to display a sample of fonts, generate text for testing, or to spoof an e-mail spam filter.</li></ul>\",\"image\":\"http://localhost:5000/uploads/sections/section_1745753493592_picofme_(1).png\"},{\"title\":\"section 2\",\"description\":\"<p>Filler text is text that shares some characteristics of a real written text, but is random or otherwise generated. It may be used to display a sample of fonts, generate text for testing, or to spoof an e-mail spam filter.Filler text is text that shares some characteristics of a real written text, but is random or otherwise generated. It may be used to display a sample of fonts, generate text for testing, or to spoof an e-mail spam filter.Filler text is text that shares some characteristics of a real written text, but is random or ot</p>\",\"image\":\"http://localhost:5000/uploads/sections/section_1745753516710_WhatsApp_Image_2024-10-22_at_17.50.58_65361ce0.jpg\"}]');
INSERT INTO `subsubcategories` (`id`, `category_id`, `subcategory_id`, `name`, `created_at`, `description`, `title`, `meta_keywords`, `meta_description`, `sections`) VALUES
(11, 3, 5, 'Kirsten Paul', '2025-04-20 17:29:09', 'Eiusmod aliquid aut ', 'Iure deserunt qui re', 'In quos libero ipsum', 'Quia reprehenderit a', '[{\"title\":\"Filler text is text that shares some characteristics of a real written text, but is random or otherwise\",\"description\":\"Filler text is text that shares some characteristics of a real written text, but is random or otherwise generated. It may be used to display a sample of fonts, generate text for testing, or to spoof an e-mail spam filter.Filler text is text that shares some characteristics of a real written text, but is random or otherwise generated. It may be used to display a sample of fonts, generate text for testing, or to spoof an e-mail spam filter.Filler text is text that shares some characteristics of a real written text, but is random or otherwise generated. It may be used to display a sample of fonts, generate text for testing, or to spoof an e-mail spam filter.Filler text is text that shares some characteristics of a real written text, but is random or otherwise generated. It may be used to display a sample of fonts, generate text for testing, or to spoof an e-mail spam filter.Filler text is text that shares some characteristics of a real written text, but is random or otherwise generated. It may be used to display a sample of fonts, generate text for testing, or to spoof an e-mail spam filter.Filler text is text that shares some characteristics of a real written text, but is random or otherwise generated. It may be used to display a sample of fonts, generate text for testing, or to spoof an e-mail spam filter.Filler text is text that shares some characteristics of a real written text, but is random or otherwise generated. It may be used to display a sample of fonts, generate text for testing, or to spoof an e-mail spam filter.Filler text is text that shares some characteristics of a real written text, but is random or otherwise generated. It may be used to display a sample of fonts, generate text for testing, or to spoof an e-mail spam filter.Filler text is text that shares some characteristics of a real written text, but is random or otherwise generated. It may be used to display a sample of fonts, generate text for testing, or to spoof an e-mail spam filter.Filler text is text that shares some characteristics of a real written text, but is random or otherwise generated. It may be used to display a sample of fonts, generate text for testing, or to spoof an e-mail spam filter.Filler text is text that shares some characteristics of a real written text, but is random or otherwise generated. It may be used to display a sample of fonts, generate text for testing, or to spoof an e-mail spam filter.Filler text is text that shares some characteristics of a real written text, but is random or otherwise generated. It may be used to display a sample of fonts, generate text for testing, or to spoof an e-mail spam filter.Filler text is text that shares some characteristics of a real written text, but is random or otherwise generated. It may be used to display a sample of fonts, generate text for testing, or to spoof an e-mail spam filter.Filler text is text that shares some characteristics of a real written text, but is random or otherwise generated. It may be used to display a sample of fonts, generate text for testing, or to spoof an e-mail spam filter.Filler text is text that shares some characteristics of a real written text, but is random or otherwise generated. It may be used to display a sample of fonts, generate text for testing, or to spoof an e-mail spam filter.\",\"image\":\"data:image/png;base64,iVBORw0KGgoAAAANSUhEUgAAB38AAAPECAYAAACuY/G7AAAAAXNSR0IArs4c6QAAAARnQU1BAACxjwv8YQUAAAAJcEhZcwAADsMAAA7DAcdvqGQAAPDESURBVHhe7N19XJRVwv/x7wAiCCqordiGpqQb9kC4sq5YG9oqhdoarqWysaWYqamVxp1rD1urt7umlWmWhW7ZopZJ3amUtRn7KzTXNqUHqQxNcRXTBBUEBwZ+f8wMzFwzPCmPw+f9enEvc86Za64517nGO75zzjGFXt6vQjaBAYHq3LmzTCaTvQgAAAAAAAAAAAAA0AJVVFSo4HSBioqKJEle9orAgEAFBQUR/AIAAAAAAAAAAABAK2AymRQcFKzAgEDJHv76+Pioc+fOxrYAAAAAAAAAAAAAgBauc+fO8vHxsYa/Xbt0ZcYvAAAAAAAAAAAAALRCJpNJXYK7yKt9+/Zq166dsR4AAAAAAAAAAAAA0Er4+vrKy9fX11gOAAAAAAAAAAAAAGhlTNcNGFzh7+9vLAeajcViUWmpWWVlFpWXW2SxlMtisaiiotzYFAAAAAAAAAAAANUwmbzk7e0tb28veXl5y8fHW+3a+crb29vYFB7C9Ktf31jBBUZzKy01q6TkvErNZlnKLcZqAAAAAAAAAAAANBBvL2+18/WVn197tWvHKsGexIvgF82p3GLR6TOnVVBQoJKSYoJfAAAAAAAAAACARmYpt6ikpFgFBQU6c+a0yi3kM57Cy1gANIXyigoVFp7VqfxTMp8/b6wGAAAAAAAAAABAEzh//rxO5Z9SYeFZlVdUGKvRyhD+oslVlFfozOnTKi4uVgUfIgAAAAAAAAAAAM2qoqJCxcXFOnOmQBLZTWtG+IsmZSm3qKDglEpLzcYqAAAAAAAAAAAANKNSc6ny8/NlKS83VqGVMA0eMoz4Hk2irLRUp8+cVnktHxgBAR3V/5pIhV8dqR49eqpTcJACA4MkSYVnT+tMQb6OHj2k7C/3KPvrvSoqOms8BAAAAAAAAAAAAC6Ql5eXOncOko+Pj7EKLRzhL5pEhSqs3xQpKzNWVfLz76Bb4xMU89tR8vLyNla7VV5u0fb3N2vr2+tVXFxkrAYAAAAAAAAAAMAF8PFpp+DgIEkmYxVaMMJfNDqTSSooKJDZ7H6pZ5PJpF9fP0y3jbtLnToHG6vr5PTpfL31+t+1a8dH7CMMAAAAAAAAAADQAHzbt1dQ585qyuiloqJCJpM1cK7w8ZapayeZunSUOgfK1KG91L6dVFKqiuLzUkGhlH9W5T+dlqnMuvKs4/PbIu/Qnr3/bCwEGlJJSbGKi4uNxZWGx43V+DvvlZ+fv7Gqzvz8/BUx4NcqLi7SwZxvjdUAAAAAAAAAAACoJ4vFIi8vL/n4tDNWNQp7cFvh4yWvXiHyura3vMIulXf3rjJ18JPa+Ugmk0zt28mrYwd5d+8i9egiU/cukpdJFYXnZKpo2wEw4S8aVUWFdObMabezcb29vfTHKfdrxC3xDXIDmkwmXXXNL9UhIEDf7Nvr9jUBAAAAAAAAAABQd2VlZfLv4C9TIy//XGHLeio6B8gn+mr59L5Uat9OFaUWyWJRRXm5NXiSNYCqKC+vLPcK9JfPzy+RqXsXVZw6LdP5MuvxjC/SBngZC4CGVFxcpPJy6zR7o5jfjtavh9xkLL5ow0b8TjG/HW0sBgAAAAAAAAAA8AheXl7y8mqamK+8vFzF584ZixuUPait6NZZPr/uL1NgB5UVl6jcXCaZpAr7JELDZMIKk0kymVRuLlNZcYlMnTrI+9dXq6JbZ+vxnFq3Dcz8RaOxWCw6e/aMsViSFH51pO6658EGmfHrTvhVkfrhwHc68eMxYxUAAAAAAAAAAECrNvCXkbq0R4iOHm2aHKSsrEx+fv6NkutULvXc0V/evwqXV4f2Ki8tlby8rEs8m0zWGb+O/2s7j8rz8bKWVZRZ5OXnK69LglT+Y75M5rJmXQLaZDJp3O13aNzv79All1yiffu+NjZpcE3zlQBJPj4+uvnmm5tsTfCG4OXlpd6X92q2AVEf3bt31/XXX6/b4scqaXKSxo79vQYOjHLaRzch4Q+6997pTs9rTOfPl7hdermdr6/uvufBRv1GipeXlxKTZsvX19dYBQAAAAAAAAAA0KqNGH6TRgxv+NVVq1NRUaGSkmJjcYOp8DLJ+7q+8urgp3JzaVXQW1FhDW+9vGQymar+V7aw1xYGm+xLPHt5qdxcKpO/n7yv66uKRsyi6qJv3776VdSvFBgYoEGDBqlP7zBjkwbXJO/Yx8dHd909STfdNFxxcXHG6hYrrE9v9erVU9dcfVWLDYB9fHwUH/97zZ2brN/97jZFD47WL64M169/PVh33DFejz32Z40YEStvb2/16nW5wsIaf1DZnT9/3lgkSbppxK3q1DnYWNzgOgd10Q1DbzEW40KNXaQt/9yop8caK1CtCY/qH68s09xoY0VtBmnu8pf1jyfHGSuake2cXnlZ/1g+S/V+S/Xm2gcTn2zCPomepVUXdO0AAAAAAAAAoHH9vEeIwn/RT+G/6Kef9wgxVjea6nKfi2UymWS6PEQ+3buo3Gx2nuFrC4At50tUeu6cSs8VqbTonMrOF9v2/7W2qbCHxNYDqtxslk/3LjL1vKRZMz6XrVFNrpMmG1qjh79eXt66++7J+kW/X+jwoUPatu1dY5MW68DBgzpz5qy6dAnWNddc3ayDwx1vb28lTZ6iwYMHS5KyvshSyssv6W9/W6Rnnlmq9957T8XF5zR8+AjdM3WqfHx8jIdoNBaLRWVlZcZimUwmDR3xO2NxpX/96yPNeXCmZkyfUuvP5i3/Z3y6ixFxY1vcdavd/Xr1n+9qy5K2k7I+tOZdZby9SHcYK+orepZWvfKyFkwwVrQQLf38qjVIc5cn6br89/WHu6boDzOf0w5jEwAAAAAAAABAkxgZd7Pb3xtbWVmZLBaLsfjitW8n0+Xdrfv7WuPbymWdZVvt9fLQy3XNL/or4sprFBF+tXpd1ksVFovKS21hsU3VirQmlZeWyevyHqrwbbp8zOj777/XP//5gXJycvTee+/qwIEDxiYNrlHDXy8vb02enKR+/frp8KFDeunlF3X+vNnYrMWyWMqV9cUX1gA4OKjFBcCjR9+qsCuu0A8//KCnn16qf7y2Vt9+961Onjypo0eP6sMPP9DSpYuVk5OjPr3D1LFjR+MhGk113/7oHdZPnWuY9Zu2aaN6hvbSyJG31vjTr+8vtP2f7xuf7qJzUBf1DutnLK7VQ2veVcaa+43FF4/Zs40q+ldhCjj7pdLXG2vaiMaarRo9SH07Sj9kbzTWAAAAAAAAAACaUMeOgRo8eJCKi4tVXFKiwYMHqWPHQGOzRlNd/nNRgjvKu2OgysvKrNmvqXIRZ1WUV6i9b3v99baJejTuNt3zm+G698bhevJ347Xi7hkK6tLVEADb9wSWNfztHChT105OL9fUtm17Ty++uFIffvhPY1WjaLTwt7UHv3YtNQC+9NJLNWTI9TqSm6uXXnpBx44ddar39/dTn7AwhfS4VJ9+utPt3ruNyd2sX0mKGGCdpVydsrJS9e33C8WNHF3jT99+v5DZXDWeapoFXNtrtjzP6o+/vUWj5m4yVnispybdopgx8/S6saJeBik6rIOKcna13FmpO57T1Lum6JG2Gk4DAAAAAAAAAC7KsJjfqJ2PjzL+38f61//7RO18fDQs5kZjs0ZTXf5zMUw/C5LJ28uW+dqWepZtCWdVqLy8XN4mLy3/6H1Nf2GJZr26UtNWL1d7bx89HBevCotFsq0AbV8G2h4Gm7y9ZLokyPkFPVyjhL+eEvzatcQA+De/sd7I772/TaWlrjdaj0t/rmn3Tte0e6crIeEPTX6+5RXup/33DvuFsejCmKxLSEvSW2lv6r30LcYWlRrsNdGyTRih6zoe1r+e3WWsAQAAAAAAAACg1Wjfvr1+3iNEV/UP1/VDBmv0yFuU+IcJmj1zukbeEquKigq99/6H2vbBh5KkkbeM0OyZ05X4hwkaPfIWXT9ksK7qH66f9whR+/btjYe/KNXlPxfD1ClA5WVl1omM9uDWZFKFrGGwyWSSySR5e3nJy9tbPr5+Ons6X6/u+lhhXbvLr0OgLQC2Ps8xQC4vK5Opc4DxJT2aafCQYQ06JdS6x+8kXXnllSosLNIbG1/X+fMlxmZuHcjJMRY1iaCgzsYit7y9fRR+ZT/5+Pjo1Kl8ffnV100+o9bu0UcfU4cOHfTII3+SxWLYLFpScHCwBg78lbFYkvTBB9uMRQ3u1Kmf3K77/sRfX1T3HpcZiyvNmD5FI0feqriRo41VTtLTNyt962bddNMI/fOf1vfz/MqXjc0kScePHdHjD99rLHZv7ipl3NzTUHhYW387VU/ZHj205l2NdGhy6L1b9MclVY/vWLJR065zWGKhcK9eGPOZBr2dpAGGlRcK96a4meF7v179Z6y6OtQ9tOZdjdQ2xewLdzi/Qn3+wjg9uMnavpf96Ye3KWbSs/ZHNoY21b72WD1tPE/78cYu0pZpV+i7F8bp2EjHPnDuH7fHKNyrF2qY2fvQmnc1souxjZvjuH1vVhOffFlxel9/eMxxaWLbXrWOK54frmoTff8yTb+ug0PlOe19abaW2KYOR9+/TNPDcrRy5jHFvTJCl9ubORyjyjgtcGyjw0rfJsXFdqs6ZvQsrbrnGp3Y5jz713geRXvf1/6wEdY9ditfx3h8x/Nw8z4lFe1N0VRbGO76GlV1NZn45MuKM9wSPzicv7Hesc6uLq/t2sa1Dyqv8Xs9tOqea1T5z/XZL7XSsA+x8XjGa2vlpt/sfRo9S6vuCdN+x+dMeFT/iO3p9vUAAAAAAAAAoKEMvfE3uvuPCfLycj+Hc9fuz7T8+VWSpPtnTdfAAZHGJpKk8vJy/f3VVH30r/9nrLpgPj4+Cg7uYiy+KF7DB8jk56eK8vKq5ZttGXB5mUV+fn567Z4HtODdt/Xprv8n346dVFZSrAfvuFtRPXvr7heXSF7eVc+tPEaFTF5eqiguUfk/P696wSZkMpn0+3G3q3/4Vfr666/05ptvGJs0uAYPf/+YeJeuvuYaY3GdPPTQHGNRk4i58QZjUZ2cPPGTvtq3z1jcJBYt+psKCwu1cOFfjFUtwsmTJ9wG48+88Lr8O1T/DYs6h79bN2vr1necyqoLf4vPFemBaXcYi2tUGbY6BY22MFIOIaUtLLYHwNbg95RDGDpWT68ZqF2TbO0dAtQHjblrpWrC356O4af9XApVGKiq441dpC3TrpMcg13bOTqFvbZ2gU5hqi0gdgpq79era6Q/Voa/1ynQKfB23ydbQt53CJZtx60huHUJf+t8fjbugjp7WOoU1I3TgielRx7baP19eQ+lO4R41iDzsNLv+ovWOQWIVWX2AFeOAaa7MntQ6Bg6ugl/ja/pFEgaguq447OrglV3r+m2H9y8hrvn1sTNeVeepxz61/aeXcPhml/bpU01fTDxyZcVF3xORcrRq47X1N11ruXaVvs8+/gw9qXtvbkLrgEAAAAAAACgoYX/op/unzVdAQEBKi4p0etvvKn/HsvTyZM/6aefTqm83Dox0MvLS127dlG3bl3180sv1R2/j5e/v5+Kior07HMrlf3td8ZDXxSTyUvdunUzFl8Ur1sGSV622boOgbdJUrnFIn8/f/198iz98NOP+iLvqHy8vXVpx04a/ov+evidjfo06z9q5+9vnSlcXl51DHuYbClX+Xv/rjxuU/rFleFKmpxU+XjVqhf0/fffO7VpaO6/MnARPt31qcrLrTM+i4vPKScnp84/zaWg4HSdf8pKSyVJ5eUVOpp3zHioJmM2l8rXt52xuFpeXl4aPjxWQ4cOM1Y1EvfLTLdrV/dzbnHmjtCAwEJ9/ppD8LhkqrYelnpdv0h3SOrZJVA6nO0wC3aTHrQHvxftsLZWBqGb9OAnh6XAQGnvhqogedM8/euwFHjFQFnj7rF6+npD8GtrN+q9w1LPIXp6rLXooTXugtVnrcGvg8K9KQ4zne3ncYUG2Y6jJVMNM4qfVfreQqlLd9s51e6hkcbgV9ZzeWGvCgOvU9xch2JJ0b8KU8DZHO1wCjyNwZ4kbbQFv7bfDbM31733pYrUTZdGOxTqnPa+ZA8Mrfv2/uuwFBA2SPZmE2++RgGH33cOBdf/RSv3nqt67E70LN3Y03B87dKSme/rB6eG0o5nHYJfOZxHF+NMdYPoWbqxp/TDNuf38Orecwq4boQmOreuuwkjdF3Hc9q73qEP1/9F6Yely6NnWfumLq9djz6QJHU8qX8Zr+lLX6qo4zWKm+BQVsu1rX18OCD4BQAAAAAAANDEsr/9TvMf/4v+eyxP/n5+GvzrQfrhh8M6ceJkZfAr2+zeEydO6scfT+immN/I399P/z2Wp/mP/6XBg99GYzbL5OVVNWNX1pm/Tv8rKcDXVz/z76CQgI46fua0El55Qbu+/Fw+fn7OS0bbmUzW4zbCPsV1VVBQFdSXl1t0+sxpY5MG1+Dh77fffqOU1SmyWCxq395Pu/79qV58cWWdfprL3qwv6vTz36NH5e3TThUVFfryq6916lS+8VBN5qdTJ9WhQ4CCguq2SXXPnj01YsQIXXed+6n/Dc3b2/3QOn2mgfrMdu+OHHmrscbFmdMN85oP9e8pHc50mbF7+FShFNhFPe2/94zVliX2JLQBOYXKkg6eUqGkn/KqnUIsjR2ofoGF+m6nmzZLsnVIgeo3eKyk+3V1T6nw+89qCardHOvgKRUqUF17Oxc/tOZdZfzT+jPtusDKPqqd9VwO7XMzS3jTZ/quUOrV/36HwkGKDuugopxdDiHeOPXvKUNZNSY8qn+88rL1555rFKAOCnJcH9sQKkvSD6fOSR0725Zgtr7WD9muoeGO4yeNRU7chdZWh1Vw1lgm24xY27m+YltuObhHZQjtjvU1vlS6YSlm67nZw9BxWmDvA/vPcluAW42J4T2lw58YllF27pu6vHa9++DwNw4hsc2OYzoh6ZLug5zLq7229RgfvWZpFcEvAAAAAAAAgGZw8uRP+vOTC5WV9aV+0a+vnnhsnrp162pspr5XXKGFTz6u0NDLtDfrCz3+xAKdPPmTsVmDqC7/uSjmMmvuYw9w5TDH0CRVVFTI28tLa3b8S//72ktatPFVvbz1TR07miuf9n6OR3Ja8tkaBks6b53Y2RyO5x3XmjWr9eWXX+ill1/SiR9PGJs0uEa4QtL+777T6jUpqqio0Pg7Jujaa641Nml1Lrmkm/qHh0uq0Bdffq38/IYJFC/U/u+s39a4adhNxiq3Im2h73fffWusahQmL/czf88UNGy/xY0crd/+NtZY7OR0g4S/Y9Wji6SesZWBplOwafP63HGKee+wAq9Lsta/bZ0R3Gx6d5Fhm2H3xnZX19qC5Dq6Y8lGZfzTtmz2b29RzG9v0Qt7C43Nqmc7lzqbMELXdTysfzkGc9E9dImkE8drCOuiZ2nVKy/rH7FS+l1T9Ie7pugPL32pImO72the60Jc3sVxT9qaTXzyZf3jlST1zUmxnutdU5R+2NjK1eVdOkgdr9F0Y7gb6xjFb9Qj9j6w/9S4p+0gXRosqecI52O+8rLTPrt1ee369EGd1XZt6zI+JEkddF3sNQo4+6VeJfgFAAAAAAAA0AyKi0v01DPP6YuvvtalPXq43d+3a9dgBQZ00Bdffq0lzyxXScl5Y5MGU13+czEqThfJy8fH+sBkW/65osI66bfCGgBbKsoV4Ocvv85Bat+ps3w7dpa3b3vnLUgdnmsPgb18fFRxupZVOhvZt99+o7VrX1VOIy/3bNco4a8MAfDEhDtbdQDc0oJfScrM/ERlZaX69eBoXVNL314bEaHoIdfr/PkSZe7INFY3Ci+Tt7FIknTk8EFj0UW7Lf73NQbAx48dMRZdgE06dsq2564t0HT+se/xa1322Fq2TYcCr9O0f67SQ84Hazq22cG12nRcDfIdoLGLdOd1gTr03i3V7u9bq3qei3UGqmE2qG0maPUGae4E61LNf6jcA/YC1fpa1fvhVB3/wZnwqOJ6ntPel6bUe/bpD6fOSWe/1EpjuHvXFP3hLue9getul47m2/bjdTnmlMo+rctr17kP6sAa5tbh2tb5mp3T3pfe1w8dr9H0WmZCAwAAAAAAAEBj8rPNcP3mG+vkQH9/P/n7+0uS9n9v3Vq1fXtfh2c0juryn4vyY4EqLOX2ab624NZkm/xbIZNM6tjeT94mL5VbylRusajCYrGGwyZT1Y/9ufbfZVKFxSL92Py5XlNqtPBXDgGw1HoD4JYY/ErSmTNnlJqaqvLycv3hD3fqxt/cKG9v5xvOx8dHUVFRmjB+osrLy7UuNVUFTXT+PvZvaBjs/c+nxiInPj7ttP+7b5W+dXONP/u//VY+DvsH3xb/e6fjOKrtNevKuqRzeD2CXNseteqiHo2wCnSdbDqunyqXdjaYG65elcs45+onl+WUG8pYDbqiTvOPbWo4l7ED1S/QYUlo+36x7xmXXLYuGXx5+DhDec2ifxWmAGNhrap/rYnhNS90veP4SaljmKKNqWL0IPXtaChzYV26uDbVvsZF+uHUOannlTXuGVyX1662TXV94O41J1ypy3VOBYeMFVWcr23118zVRj1yFwEwAAAAAAAAgObTrl07hfW5XMXFJTqUm6voX/9Ki//3L3rmqUUaNfJmnT1zVqcKCnRFWB+XrKihVZf/XIyKU6dlOVMkr3Y+1pm+FRWSrDN/TV5eMpeW6s/vva0vjvxgne1bXu48y9dxtm/lY8nL10eWgkKV/3TG+JJNrntId5kc9yNuRI0a/qqVB8AtNfi1++qrL7VmdYosljKNGn2rnnhigZKm3KNRo2/VvfdO15NPLtTtt49XScl5vfLKGu3L3mc8RKNp3769sUiS9N03X6r4XPUL644ZM1aHDv+grVvfqfHncO4hjRkTb3y6i+LiIn2b/YWxuFbugt7X52bqkHpqpHEp57mr9Opc668PrXGe5XvH4CsUqFM6Zl9N2W0Ye79e/ee7yljjJuy8aM/qj7ZlqJ32IR67SFtu7qnCvRtsexhv0oOv7VVhz1jDedyvV+tzXrZZu47B7R1LxmuAU/Y7Vk+/XdOS2DWcy7TrFHh4m/64xFpS/X6xu7Rk/Zcq6jlC/3jSMeAbpwVPjquaueoYJEbP0h8dliyuu11asuOw1HOEVt3vsOfshEete/LWZP372nu2g66751GHQNM2c9Wx3aHTKlIH9f1V1fEnPjnCtuewgx3HdMLQzv1rWN/vAsfzracdz36iH9RTccZAdMKjWjDB9ntdXtttGzd9UKmn4hyvabR1T96q/Yfrcm1rGx9GG/XIS1+qiAAYAAAAAAAAQDPo3buXvL29derUKf3pf+Zq+r1T5OfvJ28fb40fN1bPLPmryi0WeXt7q3dvl78cN6jq8p+LYrao4sBR29LPtmWc7cs5m0wqL7do197dOvXTiarloe0cZ/46qZCXt4/0Q55MpWWGuqbTvr2fHn54nubOSdZDc/9H7do1fHhu1OjhrxwCYIulTGVlzdfB9VVRXqHyckuLDH7tvv3uWy1Z8pS+yMpSeXmZftHvF7rxNzcqLCxM584VacfOHXrqqUXKzs42PrVReXt7u/32R2mpWf/vo3eNxZWGDrtJTz+zQs+vfLnGn6VPL9fQob81Pt3F/9v+rsrK6r+Rd2XQ+893lVG5bPOz+uNvU/S5rtM0x31/rz+ldFsYqcrn2PcDPqWtjktC61ml7y2s3BPYKZBtLEumKuaFvZJ9H+J/vquMadfpp/du0ai5Dnv8bpqnUb/dpkNO+xrHSvZZtnVim+3scIw7taF+e/6q+nPpujfFYTnpQYoO66CinF3u96bd8Zym3vW+fnDal3aElG2dJbzusRTtPdtTcfa6CdKrF7LnrySt/4v+sO2wAq5Lqnqt8G/0h221bcq7S0tmGs7jlYnS+hTtPevQbMdzmmo4fv9sd3v+blT63nOV7axh9C4tmTlF6YcdX+Nl/eOeztpXzyWknW3UI3elaK8Me/pGn1b6enuburx2HfvA7vD7WnnqeodjXSPtTdEfHqua/V2na1vL+HCx4zlNtQfAryzTXBJgAAAAAAAAAE3kF/36SZJ+/vNLFX5lP326a7fm/s98zf2f+dq1a7c6d+6kbl27SpKu7HeF4dkNx8fHp1FmFldUVEi5P8p87KS82/s6z+KVNeD18Q+Qt31FWHvQ6xj4Gmb/evu1V1neCVXk/ui8L3AT69u3r7p27SZJuuRnl6jvFdZr2ZhMg4cMa7J37O/vp+LiEmNxi+bj462yMouxuMUKDOyo4OBgnThxQiUlxcbqJlVUVKhz51z38/T3D9CTi19Sx06djVUN6uyZ03o0eYpKil3PAR5gwqP6R6yUXt2+rgAAAAAAAAAAeICHHpiliIhrdPzHE1r9ylrt2/eNU33//ldq8l2J6v6zS/T5niw9vWyFU31DCQgIUIcO7tdsvBgVFRXWJZED/eQVfbW8/P1UXloqeXnZ9v21BcT2sNcYDksymUzWOcPl5fJq107lRSUq//RLqfB81fGbQfeQ7nrwgbny8vJSeblFS5Y+pRM/njA2a1DeoT17/9lY2Fha06xfu/LyJsvGG4TZbNaZM6dbRF97+3irpMQ17C8rK9XRI4cU9esbG+1mKy8v16rl/6u8o7nGKniEQZo7dahCju/SEx813XLmAAAAAAAAAAA0JZPJpInjb9c7W9L1wqqXdfy4a3B44sRJbf8oQ6WlpRpw3bV6d9s/jU0umslkUseOnRol1zGZTNaAttSiirPnZArpIq927VRhsUgV1nrjTGDH300mkyrKrTN/vdq1U0Vpmcr/861UUNSswa8kFRUW6fDhQ/rpp1P64J8f6L9HjhibNLgmnfmLtqewsFDF1cy8vXnU7zVm3F3G4gaxcd3L+nDb/xmLAQAAAAAAAAAAWg1/fz916NBBP/10yljlVreuXXW2sFDnz583Vl0Uf/8OCgwMNBY3qArJOtO3k7+8IvvJ55IuKi81q7y0zFrjLsOtsP4fr3Y+8vb1VenxUyrfs186e67qeG1Mk878RdvTzqediqtZfvr77/YpqEtX9by8Ydef//ijd/V/m14zFgMAAAAAAAAAALQqZWVlKi52n7O4c664WBZLw25najKZ1Llz50afQWuyLwFtLlPFf39UxXmzKnx95d0xQCYvL4eG1pnAJi8vefv6yKudj8pPF6n8u8Mq/+J7qaS02Wf8NifCXzQq+1T90tJSY5Uk6Ys9/9b588UKvyryom/CiooKvfGPVXonLdVYBQAAAAAAAAAAgAsQEBAgX9/2xuJGYd+711QuVZw6q4qjJ1Wef9a6BLRjAFxmkUrMKj9+Upbvjqg8+5B04rRUYZtBfJGZU2vGss9oEgUFBSotNRuLK0X+crDuuPNeBQV3NVbVyU8nf9Sb617Wnv/sNFYBAAAAAAAAAADgArTzaaeg4GBjMVowwl80iYryCuWfzpelrMxYVcnb20e/ir5Rw4bfqst69qn1WxkVFRU6cviAPvrnFu3K/FAWS7mxCQAAAAAAAAAAAC6At7e3goO71JrXoGUh/EWTKbdYlF+Qr/Ly2kPajp066+qIgerVu68u/XkvXfrznpKkY0dz9d8jP+jQwf36KusznT1z2vhUAAAAAAAAAAAAXAQvLy8FBXeRt+NSy2gVCH/RpMrLy3X69GmVlbnfAxgAAAAAAAAAAADNp52Pjzp1DpIXwW+rxFVDk/Ly8lJwcJDat2+ajcEBAAAAAAAAAABQN+3bt1dQcBeC31aMK4dmYFLnzkHq1KkTHx4AAAAAAAAAAADNzMvLSx07dlLnzkHGKrQyJG9oFhUVFWrf3k9dunSVn7+/sRoAAAAAAAAAAABNwN/P35rX+PmpooLdYls7wl80K5PJpI6BHRUcFKz2fn4yeZmMTQAAAAAAAAAAANCATF4m+bX3U3BQsAI7dpTJRD7jKUyDhwwjwkeLYjabdf78eVnKylShCpWXl6u8vNzYDAAAAAAAAAAAALXw8vKSyctLXjLJu52P2rdvL992vsZm8BCEvwAAAAAAAAAAAADgAVj2GQAAAAAAAAAAAAA8AOEvAAAAAAAAAAAAAHgAwl8AAAAAAAAAAAAA8ACEvwAAAAAAAAAAAADgAQh/AQAAAAAAAAAAAMADEP4CAAAAAAAAAAAAgAcg/AUAAAAAAAAAAAAAD2CKHXFzhbEQAAAAAAAAAAAAANC6mEpLywh/AaAN8vHxNhYBAAAAAADAg5SVWYxFAAAPx7LPAAAAAAAAAAAAAOABCH8BAAAAAAAAAAAAwAMQ/gIAAAAAAAAAAACAByD8BQAAAAAAAAAAAAAPQPgLAAAAAAAAAAAAAB6A8BcAAAAAAAAAAAAAPADhLwAAAAAAAAAAAAB4AMJfAAAAAAAAAAAAAPAAhL8AAAAAAAAAAAAA4AEIfwEAAAAAAAAAAADAAxD+AgAAAAAAAAAAAIAHIPwFAAAAAAAAAAAAAA9A+AsAAAAAAAAAAAAAHoDwFwAAAAAAAAAAAAA8AOEvAAAAAAAAAAAAAHgAwl8AAAAAAAAAAAAA8ACEvwAAAAAAAAAAAADgAQh/AQAAAAAAAAAAAMADEP4CAAAAAAAAAAAAgAcg/AUAAAAAAAAAAAAAD0D4CwAAAAAAAAAAAAAegPAXAAAAAAAAAAAAADwA4S8AAAAAAAAAAAAAeADCXwAAAAAAAAAAAADwAKbS0rIKYyEAwPP5+HgbiwAAADzC/lP7darklM6cP6Oz5rMqOF+gM+fPSJI6te+koPZB6ujbUZ3ad1IX/y7qG9zXeAgAAACPUFZmMRYBADwc4S8AtFGEvwAAwFOYLWZ9evRT7cnbo+yfsmW2mI1NatTep72u6naVBnQfoOjLoo3VAAAArRbhLwC0PYS/ANBGEf4CAIDW7mjhUX34w4fa8d8dOl92XpLUzb+bIkMidUmHSxTUPkid/Tqrs29nBfsHS5Lyi/N1+vxpFZwv0Onzp/Vj0Y/ac3yPfir+SZLk7+Ov60Ov17Bew9Q9oLvT6wEAALQ2hL8A0PYQ/gJAG0X4CwAAWqtvfvpGb3/3tr479Z0kqU9QHw0IGaDI7pHqEdjD2LxOjpw9oj3H9+jzvM916PQhSVL/bv019hdj1Tuot7E5AABAq0D4CwBtD+EvALRRhL8AAKC1OW85r9ezX9e/Dv1Lvj6+uuGyGzS893Bd0uESY9OLkleUp20HtmnHkR2yVFh0c5+bNabfGPl4+RibAgAAtGiEvwDQ9hD+AkAbRfgLAABak4MFB7Xy85U6VXJKN1x2g8aFj1NAuwBjswZ1+vxprd+3Xv8++m/1COyh+3553wXPLAYAAGgOhL8A0PYQ/gJAG0X4CwAAWov/2/9/+r/v/k9d/LtoxoAZTb4M876T+/TinhdVaC7UH6/5o27seaOxCQAAQItE+AsAbQ/hLwC0UYS/AACgNfj7F3/Xx7kf69qfXaupkVPl7+NvbNIkCkoKtOI/K3Sg4IBG9x2t2/rdZmwCAADQ4hD+AkDbQ/gLAG0U4S8AAGjpVvxnhT7P+1zRl0UrKSLJWN3kzBazlu1epuyfsnXT5Tcp4aoEYxMAAIAWhfAXANoeL2MBAAAAAADNbe1Xa/V53ucactmQFhH8SpKvt68e+vVDCu8arg9/+FDvH3zf2AQAAAAAgGZF+AsAAAAAaFG2H9qujEMZiuoRpckRk43VzW521Gz1CeqjDfs26KsTXxmrAQAAAABoNoS/AAAAAIAW42jhUb2+73VdEXyFpg2YZqxuEXy9ffXArx5QV/+uWp21WkWlRcYmAAAAAAA0C8JfAAAAAECL8eLnL8rHy0dTI6caq1qUgHYBujfyXp0+f1qvfPGKsRoAAAAAgGZB+AsAAAAAaBHeO/Cejpw9oj9c/Qd19e9qrG5xwoLDFBcWp//k/Udf/PiFsRoAAAAAgCZH+AsAAAAAaHb5Jfl6+7u3dXnnyzX454ON1c3ObDEbiyRJo64YpUDfQK39aq2xCgAAAACAJkf4CwAAAABodlu+3yKzxawJ/ScYq5rd3uN7jUWV/Hz8dGvfW3Wq+JQyDmUYqwEAAAAAaFKEvwAAAACAZnXWfFYf536svl36qm+XvsbqZlOhCr35zZu6NPBS+Xr7Gqsr/Sb0NwpoF6D0A+mqqKgwVgMAAAAA0GQIfwEAAAAAzWr7oe0qKy/TyLCRxqpmU15Rrpf2vKQrgq/QzwJ+Zqx24uvtqxG9R+jkuZPK+jHLWA0AAAAAQJMh/AUAAAAANJsKVehfh/+lIL8gXfOza4zVzcJsMeuZ3c/okg6X6Lru1xmr3bo+9HqZZFLmkUxjFQAAAAAATYbwFwAAAADQbL776TsVlBTo+sus4WlzKzQX6m+f/k2Wcotu63ebsbpawX7B6n9Jf/0n7z86V3rOWA0AAAAAQJMg/AUAAAAANJu9P+6VJA0IGWCsanKnik9pwY4FKigp0PQB02Uy1S+Mvu5n1lnCX534ylgFAAAAAECTIPwFAAAAADSbr058pfY+7dWrUy9jVZM6VnhMf8n8i34695NmDpypQN9AY5Na9evST5L09cmvjVUAAAAAADQJwl8AAAAAQLM4V3pO/z37X/UL7lfvWbYN6WDBQS3csVCnz59WwtUJurzz5cYmdRLaKVT+Pv76Pv97YxUAAAAAAE2C8BcAAAAA0CyOFR6TJIUEhhirmkzWj1n626d/07nScxr888GK6RljbFIvPwv4mY4XHVd5RbmxCgAAAACARkf4CwAAAABoFnlFeZKk7gHdjVVNIvNIpp777DmZLWaFdgrV3dfebWxSbz/r8DOVV5TrxLkTxioAAAAAABod4S8AAAAAoFmcNZ+VJAX7BRurGl16TrpWZ61WRUWFOrTroFkDZ8nHy8fYrN66degmScovyTdWAQAAAADQ6Ah/AQAAAADNoqKiQpLkZWq6/zStUIVSv07Vm9+8KUkyyaRpkdPU1b+rsekF6dy+s+QQbAMAAAAA0JSa7r+wAQAAAABwUKGmDX/LK8r10p6X9OEPH1aWje47WlddcpVTu4thD38LzYXGKgAAAAAAGl3T/Bc2AAAAAAAG9mWWSy2lxiq3Tpw7of2n9huL6+S85bye2f2Mdh3dVVl21SVX6Xf9fufU7mLZ31NZeZmxCgAAAACARkf4CwAAAABoFn4+fpItmK2LSzpcoq9Pfq21X65VSVmJsbpaheZCLdqxSF+f+LqyrKt/V02LnCaTTE5tL5b9vPx9/I1VAAAAAAA0OsJfAAAAAECzsAekdQ1/Jel3fX+nvKI8zcuY5xTmVudU8Skt2LFAh88crizz8fLRrIGz1KFdB6e2DcEe/jbGsQEAAAAAqA3hLwAAAACgWXT17ypJOnnupLGqWiaTSdMHTFeFKrT030uVkpWi4rJiYzNJ0rHCY/pL5l/0Y9GPTuV3X3u3QjuFOpU1lBPnTkiSunXoZqwCAAAAAKDREf4CAAAAAJpFj8AekqS8ojxjVY0CfQM145czZDKZtOPIDs37aJ6++PELpzYHCw5q4Y6FOn3+tFP5DaE3aPDPBzuVNaRjhcckSZcGXmqsAgAAAACg0RH+AgAAAACahb+Pvzq176T/nv2vsapWfYP7auwvxkqSzpjP6Nndz+qFz19QoblQWT9m6W+f/k3nSs85PSe0U6juvPpOp7KGdvjMYXXr0E0+Xj7GKgAAAAAAGh3hLwAAAACg2fQN7qvjRcdVUFJgrKrVLWG36JpLrql8vPvYbs3LmKfndj8ns8Xs1Nbfx1+zBs5q1FD2x6Ifdfr8afUN7musAgAAAACgSRD+AgAAAACazS+6/kKStD9/v7GqViaZNDVyqoL9givLikqLVKEKl3bTB0yv3GO4sXxz6htJUnjXcGMVAAAAAABNgvAXAAAAANBsrr7kaknSnuN7jFV10qFdB933y/vkZar+P2/H9Bujqy65yljc4D7P+1ySdM3PqmYjAwAAAADQlKr/r2MAAAAAABpZSECIegf11ud5n6usvMxYXSe9g3rr9vDbjcWSpKsuuUqj+o4yFje4krISfXXiK/Xv1l+d23c2VgMAAAAA0CQIfwEAAAAAzer6y66X2WLWf/L+Y6yqsxG9Ryiye6RTWVf/rpoWOU0mmZzKG8OO/+5QeUW5bgi9wVgFAAAAAECTIfwFAAAAADSrIZcNkZ+Pn9Jz0o1V9TLluinq5t9NkuTj5aNZA2epQ7sOxmYNrqKiQu/mvKsgvyBF9YgyVgMAAAAA0GQIfwEAAAAAzcrX21e/vfy3yj2Tqy9PfGmsrjM/Hz/NHDhT3iZv3X3t3QrtFGps0ih2/nenfir+Sbf0uaXGvYcBAAAAAGhs/FcpAAAAAKDZjeg9Qv4+/tqYvdFYVS+hnUL16PWPavDPBxurGs2mbzcp2C9YN/a80VgFAAAAAECTIvwFAAAAADS7QN9AjQsfpyNnj+jj3I+N1fXSs1NPY1Gj2fz9ZuWX5CvhqgT5evsaqwEAAAAAaFKEvwAAAACAFiGmZ4yuCL5C6/at08nik8bqFufQ6UN669u3FNk9UgNCBhirAQAAAABocoS/AAAAAIAWY8YvZ6i9d3ut+nyVsapFKS4r1vOfP6/uAd015bopxmoAAAAAAJoF4S8AAAAAoMXo3L6zZvxyhnIKcrTy85XG6hahtLxUz/77WZ01n9WsgbPk5+NnbAIAAAAAQLMg/AUAAAAAtCh9g/tq2oBp+uzYZ1rzxRpjdbN77rPntD9/vx6MelA9AnsYqwEAAAAAaDaEvwAAAACAFieqR5Qm9J+gT3I/UcreFGN1szBbzFqya4m+PvG1Zvxyhvp26WtsAgAAAABAszKVlpZVGAsBAJ7Px8fbWAQAANDibPl+i9K+TdO1P7tWd197tzq372xs0iSOFR5TSlaKDhYc1D2R9+jXl/7a2AQAAKDFKSuzGIsAAB6O8BcA2ijCXwAA0Fps/X6rNn27Se192uuO8DsU0zPG2KRRvf3d23pn/zuSpKmRUzXo0kHGJgAAAC0S4S8AtD2EvwDQRhH+AgCA1uT7/O/1wucvKL8kX9d1v05JEUnq0K6DsVmDOnHuhJ7/z/M6fOawenbqqWkDpql7QHdjMwAAgBaL8BcA2h7CXwBoowh/AQBAa3Pecl7v5byn9w68J28vb/0m9Dca0XuEgvyCjE0vypGzR/T+wff16X8/VQefDvpdv9/pxp43ysvkZWwKAADQohH+AkDbQ/gLAG0U4S8AAGitTp8/rbe+fUv/L/f/SZL6demnX4b8UpEhkerm383YvE4OnT6kPcf3aO/xvTp85rDae7fXzWE36+Y+N6u9d3tjcwAAgFaB8BcA2h7CXwBoowh/AQBAa3fy3Eltzdmqnf/dKbPFLEn6ecef69qfXauu/l0V1D5Indt3Vqf2nXRJh0tUUlaigvMFOnP+jApKCnT6/GkdLzqu/+T9R6fPn5YkdWrfSb8J/Y1i+8QqoF2A4RUBAABaF8JfAGh7CH8BoI0i/AUAAJ7ifNl5Zf43U1nHs/TNT9+otLzU2KRGAe0CdNUlV+mXIb9UVI8oYzUAAECrRfgLAG0P4S8AtFGEvwAAwBOZLWYdLDio/JJ8nT5/WoWlhSoosc72NZlM6ty+s4L8gtTRt6M6t++sbv7d1Duot/EwAAAAHoHwFwDaHsJfAGijCH8BAAAAAAA8G+EvALQ9XsYCAAAAAAAAAAAAAEDrQ/gLAAAAAAAAAAAAAB6A8BcAAAAAAAAAAAAAPADhLwAAAAAAAAAAAAB4AMJfAAAAAAAAAAAAAPAAhL8AAAAAAAAAAAAA4AEIfwEAAAAAAAAAAADAAxD+AgAAAAAAAAAAAIAHIPwFAAAAAAAAAAAAAA9A+AsAAAAAAAAAAAAAHoDwFwAAAAAAAAAAAAA8AOEvAAAAAAAAAAAAAHgAwl8AAAAAAAAAAAAA8ACEvwAAAAAAAAAAAADgAQh/AQAAAAAAAAAAAMADEP4CAAAAAAAAAAAAgAcg/AUAAAAAAAAAAAAAD0D4CwAAAAAAAAAAAAAegPAXAAAAAAAAAAAAADwA4S8AAAAAAAAAAAAAeADCXwAAAAAAAAAAAADwAIS/AAAAAAAAAAAAAOABCH8BAAAAAAAAAAAAwAMQ/gIAAAAAAAAAAACAByD8BQAAAAAAAAAAAAAPQPgLAAAAAAAAAAAAAB6A8BcAAAAAAAAAAAAAPADhLwAAAAAAAAAAAAB4AMJfAAAAAAAAAAAAAPAAhL8AAAAAgEZVkrdH6RvTlPZRtkrKjLUAAAAAAKChmEpLyyqMhQAAz+fj420sAgAAaHDZz0Sr/4M7qwpCJmtrdorighxbAQAAoDGUlVmMRQAAD0f4CwBtFOEvAABodHmrdVOPJG03FPvN3KHi5wYbSgEAANDQCH8BoO0h/AWANorwFwBav7zP0rTjoLHUnSCF3zBAvbsFyc/HWNeCFBYor7DEqcgvMERBgU5FLVie9mzcoTpdEidBCr9lmMJbzfush3eTZIpbbSyV7tyqirVxxlLA1ZGdStt5zFiqoGviNOxKP2MxAAAwIPwFgLaH8BcA2ijCXwBo/dITTRr5mrG0ZkED4zRj+gLNvTNSQS0sCD74VH/1Sc52KgtffED7HurtVNZypSvBNFLrjMW1CteS/fs05wpjuQeoZuZv70f36cCT4YZSwFW1n3NDU3Rs+2SFGMsBAIATwl8AaHu8jAUAAAAAPFfBZ+laOGmAgv37K2njQTnPswUaWMhkpa6Ldw7ofr1EWx8j+EUdFK7TanfBryR9tFqbjhgLAQAAAACEvwAAAEBbVJat1bf3Ue/b1ymvzFgJNJyQCZt07Gy+jh07pmMnilWxc47CW9isc7RMJZs3Kc1YWGmnUt/KMxYCAAAAQJvHss8A0Eax7DMAtH7ulkP1CwlxXc65rEB5edXP8Q26c6sOro1TkLGiiXnkss9+kYq/c4CCHctc9Fb8k/MVx/q1gIMSrbvVXwmbjeUOrl6iA1/OUWv5hAAAoDmw7DMAtD2EvwDQRhH+AkDr5xr+1rB3bEme9qx/RAn3rFa2m5m+kYv36fOH6r4Ub8k325W2OV3b9xfoWN4x9QjpoZDIiUqYEK3wID9ro8JsbX83WwWOT+wdrfiBjilnibI/SFd2gXTsrRm6b73zTL6QCSv0/G09qgqCwhU3PFy2V3CvrETZH6cpffN2ZRce07G8HuoREqLICQlKGBwu++mVfLNd6V86nZ16D45X5GVORfXgJvy9qHAqT3s27tBBxyLH91+Spz0fbdKmt/bI3mtBfYcpbnS8hl1ZYw9Vz/GYhcd0TD3UIyRccRMTFHddiPxsXyzI+yxNO5xPTOG3DFN4oGOZVcO1LVHeZ9u16Z007bG/4cBwDRsdp/gbwivPrd4K87TnY3s/Fuvg9wXqfUWPi+9LSSVH9mj75k1K25MnFR7UwcLe6h0SpPAb4hR3m/s+cKfmfnG8H4M954sE1ewX7ay35n95QAuuNpa7cWSP0nY6dWLduPvMcXcsl882V7VdR0e1fT6V5O3R9resY2vw9BRNvs6pqatGHOcAgJaN8BcA2h7CXwBoowh/AaD1q1f4a1eSraVD+2vup8aKOjxXUsGnSzV53Fyl1bDXZviUTdr6XLx6H1mq/n3nymku751bVbE2zqHgoJZe00dzv3IoqkmNYWqBdj41WfF/Sqt+KWufcE1et1UrxvXWMTczjSe+U6HU0U5F9dDQ4W91x5usvKcSFJ+cXhn6urhysjZ9kKL4ugbZZXlKmx6nhJf3VL8PtF+k5qRt15Jbguo19hqi7eSTS5Vw21ylV/eGfcI1+Y3tSrmt5vDNycmdWnpPvObWtnTwZfFasn615lxf97nxBZ8s1eQJNd8nkhRy2xKlvTRHg7sZa5xV1y9zuu3U0onxmvuu/T1U37etTd7yaPWYtdOpLHxgpLI/2+NU1vvRfTrwZB2+uLI5QaZbne6munF3D7s7lstnm6tqr6Ob6+VuJYSJ71Qo9ZY8pU0fprEvV9XV+LnViOMcANA6EP4CQNvDnr8AAABAW+IXrjkf73MzUy5bjzxd8xy77JdvUu/BtQda2S+PVZ/eSUo/aaxpRGXZWj2it6KTawh+5bDX8aQagtMW7ZjSEnsruqbgV5K+Wa2xoQP0yKfOMwfdKtiu+8J7aGxNwa8klezR0rhgRT+TXXO7BnbsrQT1HlxD8CvbdY3voQF/2uk807waBR/dpz6XRNceiEnSkTTNvSFYPSalqaCmsSVJKtD2WX0UfEPt94kk5b01V9GX9FDSW3U5a4OT6UroHe0Q/HqSPG1a5xz8SnF65K25ijeUHnw5Vc5xsAcry9bSwT2cgt+aNN44BwAAANCSEf4CAAAAbY1PuOa/MMNlj9+SF1YrvZo/+hdsTlD0PdvrFKxJ1iVbR96ywHnJ4kZToPRJ0Ur6oM5np7y/j1Tc/zbN2TWor5Zq7mt1fZ97tHDoDKXV1LwsW0uH36TnvzdWVG/ng9GaXNM+rA0qW0uT19V53O1ZNEwzaglSSz6ZqwHDnq/32Mz7+1j1npRew7mUaOeDA3TT8nofWavjeythc/VHdnVQC24ZqXX1eUpr8n2qnjeuTjA6QfGXTdTkOw3leUu1+hNDmYdKnxStuZ8ZS91rvHEOAAAAoKUj/AUAAADaouvn6BGX2b9pSjcGLpJUsE4Jt1YXwPmp99CJmjxlsiaPjlSQ476rBQV1mCHqr/DbJ2vylMmKv851z0m/6+Ktx7b/3B4uf0ObgvUJGlldIOrXW8MmWJ8bN9A57i4oqP3sWjK/6+Kq+mV0pPt9kEvWafJjxhmUVfY8NrL6MCkoUnFTJmvylIkadoXj0QtUUE13Nyo/+/lM1uQpcYp0/4a1btIj2lnNlxhUmK77Ri91DcR8QjTsgRXa9MYmbXpjk1IXT9ZgNytIF7w2ttpwueTd+xT3jMuRpcuGac5K63E3vZGqJVMGy/XQBVp3ey1BvZOS5rkGTSR77fPOy8VLipsQLz9JceMmGmpKtHpdzasWSJJChzl/lrj8xCvc3b7RPYJcPnOaS0FdL3ojjnMAAAAALR97/gJAG8WevwDQ+tVn/0h39vyphwYscl4ONHzxAe17yHmH2uzH+qj/X1xiBIWMS9GOtZPV2zGEKyvQzmfGKi65mlnCNeyL6W6PS3fn4yxbj/Tur4U/GMtDFL9mh1Lv7u0cip7cqaUT4zS3mlnCNe6dWSs3e/SGTNSK58aqh2OZk96KHhfpJgyU++NJkiI1/+PtWmDcm/PkTj1yS7QWGsNcvxn68OwKDTMGW4XrNLZjgtIMxfIZrPkfpbscv+T7NN13y1itdjtLuPqxV59x6trWKnLeDm1/crDzlwvKCrTzsWGKXmRc9NdPM7YXa8VQQ3F1Y/mKGdq6c4XijPvulhUo/cEBGmmcyXv5fO07uEDOu8y6H4e9Z27V50/HOZ+3rEs23zd4pMuM6+r2r62uXyRruDzxlsGKHj5APRSk8FuGKTzQ2Kh2e15O0vO7jaV10VvxT85XnPtBfAHc9WW8Us9u0sRASWXbdV/Hm/S843c3qhvj9ZD91AD1TzaOpTil5m/VROMyCc20528lv0jF3TlMw26IVm8/qffgeEU67O/deOMcANAasecvALQ9zPwFAAAA2qjwawYYi5SdbQwbdur5p1yD36A7tyr7DUPwK0k+QRr80IfasTjSUNFIPnleS12C3yBNfCdbm4zBryR1G6w56Tu0ZKCxopHkrdN9t4/V2Gp/luhz43NqMewl12BWsr63BW+t0GBjecl27XQT2OatX+0a/CpSS77c4fb4flfEK2W3myCssQ1NUfr/GoJf2cba/6Zrxa8N5SrR9k+N41jVjOVwLXnXTSAm6/HjnvtQS4wz5H9YqueNywy7G4dXL9GHz7kJfiWpW5xWvLvEJVg7+NTzqn6etlGQ4tccUHHuh0p9aYFmjItX/LgLC34l6djHq7X65Qv5SVV2ofFoF+GzVK029uVtYxVvf18+wxR/t+HOLnleq991LqqXT+5TtEvwG6SJ76Q2/XivReS8Hco/+7m2vrREc+6MV/w45+C3Ucc5AAAAgFaB8BcAAABoo/wC3aQaxuVyP9uqTS6rI8fp+efiXPYMdhT+kLtQruHtSd/kurT06Of1/Ogazs4nXHPchaStQpwmT6hhiuVlk3Wfy8zlbO3bbywr0fbNrkvl9p63WnOuNJY6CIpTatoM11C9EcVNSahmZrQkhWjyLNfZltnZxvCrmrE8+hHNcDPrskpvJcwaZigr0faPncNld+Mw7k8zVNOcdV2RoDnG2ckl27X9G0NZNfymbXL/BYdWbvuapXJej0CKH2dd8tlu2LjJLu973d/XuVyDOilIV8Lo511WKug9b7tSa/ocaQ6/XuH+ixCOGnGcAwAAAGgdCH8BAAAAVKtk/x6XIEYTJtdhNlyIxk4yhgkNrUTZX7mcnSbePbHGYFqSdNlYTTYGb63B1cM0uMaZnX6KHGycT+pOtva5LPEbrsmJdZixPTRBk43JW6MJ17Coml/MLzLaZQatW7kHXcayX+4m3XdPkpJq+Hlko2uQbAyXD/7gcmQde+s+l2M5/zyidS6HdhfUuxd/S2PfX82gbLvS/m5MLidq8jjDGLgh3nUMvpWqtHrPQC7QusSRWmdMfgcu0dYn63AvNLHw+Lgavghh04jjHAAAAEDrQPgLAAAAtFEHv3ed1RVymfPutMeOuP7xPzyybqFISEitMcVFOqZjLqcXrgHXGMvcCVEPp6VSG4lfpOKnTNbkan+G1bAf8IXxq2lWYKVjOmhMiBSpyJpm/VYKUe8aZxE2MR9jCujewe+Ny/pKJXvT3CxjbPj5wGWQSdnZqio9qINfOtVKKtGejW6OZfjZblzeWFL2925ez0W4BtQp8a67HjcYx2ZdfxIueKlpF++udt7LV5LuTFCccUz7DFPCFON1T9fq9S6DukbZTw1TwmZjaZxSP5ijcONrtgCRV9Y4l1xq1HEOAAAAoLUg/AUAAADaqOw9riFB/94NGEX26F37LLVm1OOyJji7KxK05KUUpVT7M1l1i9Jbkh7qUXsG5dk6BsnfWNZAggMb68g1i5xiHJt1/ZmvuAa5lUq07u/rDGV+mnG367LekjT4dteln7ev2eQy67Va3yzU2Fayz2+zacRxDgAAAKDxEP4CAAAAbVHZdqVvNBaGaHCkIcVxM6vyYG4d45VjrsuPNjiX0zvoZkare8eO1LGhh3INdfJ0rE5d4m7GdSvgZizLL0Qhl13Az3WGLza4PbSb59XhJ/LyBklSW5/CNG16y1gYpM9fc12iOOmeJCWtzXadNf9pqjYdMRa6UZCuhMGPyLj2QYvc57e+GnOcAwAAAGgVCH8BAACANujg8rmuy6tePlkJA52Lel85wLlAUsnmrS6hiTt7dm43FjWw3gp3WeK5ROnv1+nstOMDY1lbEq5ww7WWtiv9I+OgcKNwp7Z/ZSxs+dyN5ZAH0nUs91j9f5523G/X3TgM0ZzNbp5Xh58lw43HahtKNqcqzVioPO38u5slil9erdUvb3ezJPFOPb/etdRZgdJnJVzcPr/Bwa55f0GBar57DirbONG4ETTeOAcAAADQWhD+AgAAAG1MyVcLNfZB1xRi8IP3yWUb0cjBcvnz/w9LteAtY3JiUJCmJc/UaRrpRRkw2OXsdPCpBUqr7fTeWqKljX96LVhvRQ92ia+U9r9LlV1mLHWWvXyB0o2FrYGbsZy3flOdvshQG9dxmKd17zTEkduKPKW+3DCjKnvl6hqv6cFnhmnka8YPiHru8xvSWy4rn2/equ013TtN9aWJRhznAAAAAFoHwl8AAACgzSjRwb+PVe9rHpFL9Bs0Q0unuVngM2Sk4n9tLCzRukmTta665VXLsrV0+Fitq3kaXN2U1XyQkFviNdhYWLJOkyetU151Qcw3SzUsfl0ts/Q83+DbXPdM1VePKOGxnTJGY3YFmxMU/adWGiOFjNTEoYayHxZq7t+re7dSwVsJ8jeZZHL6uUmrDV8cCBk90SVwO/iXuVp90lBYqUBpE/0NxzXJNGx14y+V3hId2aTVHxkLL9AP65RaXcj6zVI3X3y5gH1+rwhXtLFM6zT3qerujQKlT5/RNF+aaMRxDgAAAKB1IPwFAAAAPEj+yTzl5Tn/ZH+UpucfG6kB/v7qMynNTbgUqSU7V2iw21lvIZr8p4muIWFBmhJC+2js8u3KK7SVlRQo+91HNDK0v+Z+ZmhfB72vcF1yNXvxI1r9lcP7OWmIbC+brEfudDk7FbyVoB7hY/X8R3kqsYXAJQXZSn9spHqEz3UNv9uioXO04GpjobRnUbR6D56rtK+qlrEtObJHq+/pr+Bb11UbDLd8IZr85AwZM770Sb1101M7VeD0ZYESHdyYpAFuviQQNHOBJhu/JxEyWQtmuhxZSX1v0tJPDD1WclBpkwZo7HqXI2vGk5Pb5B6reW+laqehzG/0Am16Y1OtPysmGHvsoFavc3OHl+3UfYNd7/0L2+d3mIbdZiyTsv/UX/3vSVO2/TPR9rmTNmmAm9nGjaURxzkAAACAVsFUWlpWYSwEAHg+Hx9vYxEAoJVJTzRp5GvG0voK0eR3spVSY/iRp9XDeiipIWbm3blVFWvjjKVWeat1U48k1bhT8NVLdODLOc5Lrh5ZrZtCa3leHU18p0Kpo42ldZWuBNNIrTMW1ypcS/bv05wrjOVujufu/RscfKq/+iQ7z0Cs9n19cp+Cb3i+AQLd6t6Du3HaMG0rfb9U/fvOdV7WttpxVqD0xN7VBHF+CrnMeh+U5OUZQjKboInaejBVce5ul4J0JfQe6bqXrCT5hSikmySVKO+IuwZS0J1bdXBtnEtopwvtl1bjoJZe00dznWbr+mnGx8Vacb1jWTW+ekR9rlnovP+v3wztKF7hvCrA5gSZbq3/3VntPffZI+oTZXjdeqv+OtbrPnbRiOMcANDqlJVZjEUAAA/HzF8AAACgrQoapiU7awt+ZQ2I07bWb1lUSZF3TnTdQ7gmIQma42YWb60um6xN70x0G5pVL1ITJ9Tr7DzT9Su0Y7HrjOsaBU3UxFuMha1FkOLW7NCSgcZy2YLZPOUdqSYQU6SW7KwhEAuKU+rOJXLbmyXW41YX/GrgEu1Y4z749XhfrdbzxmWa/SYroS7BryRdnaCJlxvKSlYrtSG+rFKTgQuU6jLbuyZBCqpP84vSiOMcAAAAQItH+AsAAAC0NT4hin90qw4c+1Bzfl3Hv/AHxSn14Ieac6Wxwr3Bj+7Q9scGGItr4ae457ZqhptZcLUJGp2qg9vnKNzt0tUGPoM1f+d2LXCb0rU94Q99rn0vxdVtueErZmjr/lQldDNWtCI+4Zqz85g23e0yl7N6IfFKzf289vF/5Rx9nrtJk+sxhkPGperYzjqOXQ+U/cY6l9mzIQ9Mdt3Lu1rhSrjTeC1LtHpjQ6wFULPBzx3UhzONr+1OiOLXZWt1nWbtNpDGHOcAAAAAWjTCXwAAAMDT+QQp5LJIxU2ZrxXb96m4+Jg2PRmn3vWdZBs0TEuyi3XgjTkadpmx0ipk6Bxt2l+sHU8OvrBZjEHDtCI7X5+vma+4gSGuew3XIGjoEu07e0CbHhimEHdBmk+Ihj2wSQfO7tCCuobebUT4lK06dmKHVtwZ6b7P/SI18bkdys9eobjWHPza+YQofs0BFWdv0pyhvd2/Z0m6bJjmrPlc+bmbNLGaMe/isnilZBdr3xtzNOyKao+skKFzlLInX8femOh+vLYJe5T6skv0q8nx9ftmRnjiDJdVBkpeWK10tzNbG1KQhj13QPkfr9DEge4+U/zU+7b52rr/oDZNqN/nWYNozHEOAAAAoMViz18AaKPY8xcAcLFKCvJUUHBMn2dL4ZE9FBwUoqBq04WmVqKCvALlH/lc2QrXgMuCFRQSVH34gSplJSo4WaBj2Tt07JJo9Q8JUkg3x55ztwd09XuXtg7W8VJycp925AYrMrKHggNDFBRobHcBSgqUV1Ci/OwdOtgx0joWuwXJr80Gvh7Mdu+USJL8WuB1bsRxDgBosdjzFwDaHsJfAGijCH8BAMCFydbC8P565BvHsmFKOfahJtdp7WgAAAA0FcJfAGh7CH8BoI0i/AUAoI3LS9fCx9Kc91sNn6wVDwyueYb0kecVHXqfdjqW+c3QjuIV9dinFQAAAE2B8BcA2h7CXwBoowh/AQBo69KVZBqp1U5lQZqx/ZhWDK0u/i1QemJvjXytwLn4zq2qWBvnXAYAAIBmR/gLAG2Pl7EAAAAAANAWxGniNGPIW6Dnh/VX0sZslZQZqgqztfr2cNfgV36acTfBLwAAAAAALQEzfwGgjWLmLwAA0PdLNaDvXO0xlkuS/BRyWZDt9xLlHTGGvjZDU3Rs+2Sx3S8AAEDLw8xfAGh7CH8BoI0i/AUAAJKU/fJNir5nu6qJdmsWNFFbD6Yqzp4RAwAAoEUh/AWAtodlnwEAAACgDQuf8qGy0yart7GiNiHxSv2S4BcAAAAAgJaE8BcAAAAA2riQ21J04MTnSpkSqSAfY62BT4jiF+9Qfu4mTbzMWAkAAAAAAJoTyz4DQBvFss8AAMCtshIVHMnWjt3Zyt65XdmFkhSiyOHRio6KVvjlQfIzPgcAAAAtEss+A0DbQ/gLAG0U4S8AAAAAAIBnI/wFgLaHZZ8BAAAAAAAAAAAAwAMQ/gIAAAAAAAAAAACAByD8BQAAAAAAAAAAAAAPQPgLAAAAAAAAAAAAAB6A8BcAAAAAAAAAAAAAPADhLwAAAAAAAAAAAAB4AMJfAAAAAAAAAAAAAPAAhL8AAAAAAAAAAAAA4AEIfwEAAAAAAAAAAADAAxD+AgAAAAAAAAAAAIAHIPwFAAAAAAAAAAAAAA9A+AsAAAAAAAAAAAAAHoDwFwAAAAAAAAAAAAA8AOEvAAAAAAAAAAAAAHgAwl8AAAAAAAAAAAAA8ACEvwAAAAAAAAAAAADgAQh/AQAAAAAAAAAAAMADEP4CAAAAAAAAAAAAgAcg/AUAAAAAAAAAAAAAD0D4CwAAAAAAAAAAAAAegPAXAAAAAAAAAAAAADwA4S8AAAAAAAAAAAAAeADCXwAAAAAAAAAAAADwAIS/AAAAAAAAAAAAAOABCH8BAAAAAAAAAAAAwAMQ/gIAAAAAAAAAAACAByD8BQAAAAAAAAAAAAAPQPgLAAAAAAAAAAAAAB6A8BcAAABA4yjKVtqiOZrzzDblWoyVaHA7FisuLk5xizKNNWitzPnKztiglc8s05YDxkoAAAAAAFwR/gIAAKB5WcwqOpqt3RkZytiVrbwzZmMLNKDc9VOtAWHcYjV2RJj7zrNK+Thb2R8s07Nb843VLYr50G5lZGQoI2O3couNtQbmIuXn5ys/P19F7trWVt9YvA3/i9atKFOL707QnMVrteWDbdqXZ2xQH5laHBenuLg4TV2f61Ceqw3TrOVxixv7E8EzNeVnaoOxf1Ekbqo2OA6HC8IYAgAAAFoawl8AAAA0kyJlr39ck8aO0bikOXp88WItfmKOJo0fozF3P64NXxcZn9AGVf1R3TmwaSlqPr/ufcIUIEneYRoSGWysblF8//uRFi9erMWLU5R50lhr4P291k9LUEJCgsbNT5Mx1s568S4lJCQoIfFZfVJuqGxMl/ZUqCR5+Rpr0ArlvrNWGfmSFKCw4YmK7WdsAc9S8+dps6oMi1tawF31pYbFO4x1ja05XxsAAACoGeEvAAAAmkGRMhffpTmv7VaeWZJ8FdAtWMH+1lrz8d1a+9BdWryDALg18x2UrI2bNmrjpuWKDzXWtmLeEfrj5Cjr79+s1/ovHOpOpmnte9ZxGzI2UbEBDnWNzTtQXboFK6KfJ3V223U41xYA9hqr5AfGK6KbsQUAAAAAAK5MpaVlFcZCAIDn8/FhTUgAzSf3zZmauiZHkhQyLFn/OytGIbbJiub9aXr80RRlnZHkHaXZG55wCdDMRzOV9uoGbc4+JUkK7D5E8fdMUGxf4+zSfO1+Za125EvqN0pJ4d/r1RfSlHm8UAq+QrG3TdP4mBC5mydpPpqhDS9u0rYfTknqoiuGjdW0iaH67PktypEUHJ2oxEH213N+ndkDT2nDmrXaHJyo1HttIaEkWfKV9c5arX3v38orlgK7/0qxdyZqaPFmrd2RLylMox4YpTBJUo62PLNB23ZkKqdICugzRNeHBVqPP9LaQge2aNn/5RieZ5WzdZm2fCcpOFqJd0XJfqa566dq6mu5kmI0Pz1ZQxye03jnF6zouxIVZbg8jX4dLfnK+WC9Vr6VqbxiSeqi/rclafqtEQo2/jO4Y7HiFmRIClXiqlUaX1t+aslRStJMpR2XNHC2Nj4ZqwBJOWsmaeabeVJAjOavTdYQ2xcaqp7n5pxuGa/JY4dU3gN2+bvWWvvdcA2N/VHZ3y7ylPHi68oqlvTzGE27PcKpj3K3r1RaVqmkUI2YEa9wh8r8/du0/iVbH0vqEj5a4/8YryGXuvRyNczK25Gm1a9v1r58SQpUSPQEPTSp6l63ytGWZ6z3VNjvZmtUH4eqWsZP/c7R3fnEa/odsQozDjep3u3djeUJDyQpxuVc3B3X2C/W65v2r23KOi4pIExDoq9QaOVnTtX1d/4ckpS/W2tf2aF8l/7M1OK4hcqQFHrnKq2aYB/gudowbarWHpIUM1/pyUMkmZX95gt6P1eSf4Ti742xzii3y83QyjezVCop9JZpir/S+B6N3L3n6vtS9bm2jmNk4ggVvfuCNm3/XqeMr5GfpbQXU7Qp+5TkH6Jf3ZyoRDefA5X3nMI0atYQFb6zUilv7dMpSV0uj9XYe8e7XNMaP1Pr/F7q8HlqU7fj2Rn6Pri/Rt8xWfFaqzF1/LzL37VWa9/K0LYv8iSFKGJ4hEKc7knnMbTx94V1+3yWJHOeMjet1oZ3rX0s/xANuW26JgwPc7k2LvJ3a+0racr4IEt5kkKujVVEdzf3RH37LD9H215fqbQdeSqUtc/GTp6u+GuN91ndXhsAWoKyMouxCADg4Qh/AaCNIvwF0GwsWVo2fp62FTmHZk6+2aJl71rD4e43JGn8wKoWue/M04MvZsndnOCQkYu0fEaEw/Ec/ijdKUABZ4pcnhdy+1KtuSvcqaxox2LdsyhD+ca/k/QJU+iBHOXWFKD0ClPYkRzlWBzDFEmWXKU9OFMp+417GgcorI+vcg7kG8KDqrDGieMxKwNL19Ahc3GcFmZI6pWoVS+Mrwxvqg0qGvX8XAOGxr+O1tnlCzOMLSX1SdKqFfHOgVbluUZp9qYnFGsMbd0wb39cY5bslhSi8SvWKLFHhh6/fbF2W4zjw6YoSytnz9OWo87FkqROEZr+t0Ua1auqqPJaGa6hMWyp7G83cl6ZpJlv5EneUUp+4wnFVL6vHK29e6Y2HJc0KFlvPx5jC2eKlL3mYc1503r/OQtQxL1Pa9GtNSRFNrnrZ2rqa26O0SlGT/w9WVGV51E1jmIeSVdytEPbasePWTmvzNHMN9wcXwGKeeQVJUc7fqrkK+OJe7R4l5ux4B2mxBXLNd6h32XJ07YFM7XMbfsQjXpyuaZHOhz/0AbNvG+t9Z53EqCYx1OVPKgqYKpbvzhcXwdVY6qq3mWc5W7Q1KlrlevSn/UJf6X8d+Yo4cVsSQGKXbhRsyPtx5Fy1iRo5pv5UkCsFm2YrYga/1/Keva9ipT1/EzN2+pug2M3469yjAQooFORis44trf26/w/9dSG+W6uT59ErVo2XqEO51/1+RiqsD65yjng+AS5HV/VfqbW616qw+dpvY4n62fgknu0cHu+Q5lVWJ9Q5Rywvk/jZ7NR1ftz5Pi82j+fg4c/ob8/EOUcAB/fpsdnL9Nu4zWTpEtHadGy6Ypw+X8OHDiMdUfO47uefVaUqcWTFyrDzTmFTVql5b+3ta3TawNAy0H4CwBtD8s+AwAAoGl9nalPimQNFW5zE/xK0pWjNPuB2Zr9wGyn4Ff7U/S4LTD0DY1V0sLlWr5wtsZfa22Tt3WeFn9g/LOzzZki+UYnatGKVC1fmKghtsk5eW+kKM1xj9fiTD3/jC349Q5WxO2ztWjhIs2+PULBh6zBb40O5ShHvgruFqzgTg6hzxsLKoNV39BYJT2+SIseT1JsaKktWDXqr9HJSRpiW+o1+IYkJScnK/nW/saGDaJJz68prmPuZq3NKJIUoCFz12jjxo1akxxjHW8HUrTeuEdjZQAUoMA6BL+S5DssSYm9JClPm9/MVNbra7XbIikgVtNvNwYARdr2N1vw6x2siNuTtXTFUj0xJUYh3pLOZGnln1NcA6qLFPabGIVIkmW3PtrpEOwfyFTGceuvMcPtwa+kL17VY7agJGRYspanpio1ZZESrw2wBnMvL1ZabTeBJVPr11mPEXr7Um3cuFEbnx6vMG9JZzKU8nZtB6jFFyl62Bb8Blw7XvNXpGrN00m2sVCkjEWLlVFc1Tz/nQWV4WPIsNlampKq5Y+MUpivdQb32j+vlWM0lL/1KVvwG6CIOxdpTWqqUlckK+ZSazC85W/Pa7fD8TNftwWLvcZr6YaN2rhhqcb3kfVcXkmr+syoc79015DJyYq/0vaw2xAlJScrKbq7/UiNLnj4aEV5S1KRPvk4q6rCkqUt71o/D0JGjqol+K1/3xd9sLgy+A2OHK/kp5dr6eNJ1r5XkbJefFwp+x2eUKlIRSWhip3yhBYtfEJJw0OtY/pMhhY+vFY5nSI0ftYiLXL4nNGBtVr5gbvPNknKVc6BAEXcPltPPP6EZt85xHqfuhlf1arXvVSHz9N6HU8y73hez9qD32CH9x8ZbAt+66Z7dJKSb7N/sSZc8cnJSnY4VyfVfD7nf7BBW5z2Us/XliW24LdThBIXrlFqaqqWJ9s+D49u0YIXdsv4VSQn3YYoKTlelWd2W7KSjfdJPfss95211uA3YIiSUzZq48Y1So6xjpecV9cr0/75XJfXBgAAAJoR4S8AAACaVmGhbVZQF3V398fjGmS+laY8WcO1J1bOVnxkmMIiY5W48OnK2WO70za7D2i7j9eTj4xXRJ9ghUWO1/y/jLeGYspW1p6qPzGbP3lf1smiARqS/JIW3RWriMgIxd61SC/NcljCuTreUZq99m2lrk11WPI5R9vetZ1Vr/FavnK24gdFKGJQvGavXKp4t38vDlZ4TJTCbDlF4OVRiomJUcyVjbGkZNOeX1NcR5UUWpfslCS1V7uAAIXE3K+nn7T+kX7ozw2xwqU9nWcC10mo4u+0BspFGc9qgS20Cp+Y6BqK5W5W2mfWX8MnrdCiu2IU3idcUbcla3nyEGsofTxNm3YZnnex+ozWKFuIuPuz3ZXFubsyK69B7CB7qVkZb22x3p9XJmnp3BiFBQcr+NIIjV/4iHX5dUuOtnzobhadA3OhiipDbF+18wtQwJWJevIpa99PiAx0bl8vDufYPV5/XZioIX2CFXJlvOb/72yNGh6r2GFddOqA/frmaPNb2dZfB87W8rmxCr80WGHR0/XXxxMVOzxWsdcWKrdyNnZV+4CbH9GiCREKCQ5WcJ8YJf81yRr2nMnQlsog3azCqoEm33YBCugUrsQ/L7WGd3dEqPLd1rlffBU6MEbh1oEtBYQpKiZGUb3cLFHbWPxjFD/cenMXfZBWFXZ+kWH78k64Ro2qbrlxu/r2fa42p9nG6JVJWrEwUTFXhil8ULySl83XkABJylPaW5n2JziJmrVcs2+LUkRklOIfWK77K8d1uJKWLVLizRGKiIxVon0sS8r6Yp/DEZyF32v9/I8aFKXYCfOr7lPLbn30SY2x5AXcS7V9ntb3eGZ99F6GtX3AEM1/yfH9v6TZA23N6sC3V5RirrL/I9Bd4TExiomJUqi7L8nU9fP5wGalfS3rl8D+Z5HGR4YoODhYYTHJWjrJGqkW/WuLdtQUsvuHKiomXJVndlWMYpzuk/r2mWQudrqZFRAQopiZT+uJ5GQlzxmqnva3UOtrAwAAAM2L8BcAAACtRK5yD9p+jRroHK55h2rob2zR3aHDOuxQVSk8zGlPXPUJk31iXd5J2xRIScfz7MuNRinmBttf4m0Cho1w2c/RRfQIxRrzT0uejttmPYX+ZqjTMqPyDlPssPrHjg2qSc+vaa6j+sZqrG32ZeaSBI0ZO0lzFm3QvsAIRTfgH+l9o6dowpWyzjwsktRplBJvNQ4ASbmHbWF2qKIGOtcH3BCjyq8JHHIbeV+EYA29wTY/7eNM28y1XGX+P+vrBMTEOFyD4zpsD+IOrNd9iQlKsP/cvVgflVir8n50tySvA/+hGjXMeu/kvjFTY8aO08zHVmrbqTBF31C3LwhUz+Ecw8Ots2btesVqum3FgPirbNfXkqdc27AIDe/vtNJAQOR42woD020zS53bF/1rcdX7T0xQwoPrK2ep5h23jzVfDR1pm1F+aINmjh2jcbMf18oPTilsUIxiYsKr9mpu1H5peBGjRhtmjZuV8c42a5g2aLRG1fblnfr2vQ7rsG2p69Aoxz2urQFmjP0mOZjr5oshoQrv63hP+yqsn/1zq7vzF428IzRwgMNjt6I0YrjxPh2lobY3se87W6hdrQa6lyrV93jHVTlEo2JswbldgGKH1/ov2YWp6+fzf3OtXz5RkT5a4vBeEhN03+u2u8ySpzyn2cL1Vd8+k8KGj7V+phRlanHiGI1JmqOFr+9T4NXR1QfeAAAAQAtE+AsAAICmdUkX2x/1c5X9TW2zp9wLCLiYmYM1M5faZv4EBFbN2LPzltoZy4yMMz5lnfFnf6eB7s7dx1jQxJrp/BrzOkqhil+2Rk/cOURhwb5ScZ6yP96gZQ8m6PbZacptsOWVgxV/Z9Xy5eF3THCd9eskUIGN+bbdCL55hDVctmQoc5ek3Ex9dEiSQjT6lgiHlmaZ7TPtvF3D8YDgYJflzN3zVdTcV7R81iiFhwbI11yknM+2aO2CqRqTuFiZ1azoXTdV51in8VPb2DZyaO/rcrP7KqCbtQ+6BFRV+g5K1isrZmvUVaEK8DWraP9ubXltoabenqDFOxzfbGP2SyNwnDX+7vvKL96hjz6TNTy81WGp8OrUt+8d1Ld9vdV4j0rul38PlK+trKi4tn+7Gupesqvv8Wq5T7xdBneTMpdU3mVqZ7wWvgHW99KtiwKNdfVS3z6TFBqv5SlPKPGGMAX7S+aj2cp8Y5nmJN6umW+6fuUAAAAAaKkIfwEAANC0+g5VrG2txN3rbHtlGuS+Oa9yhs7C7fZEpCo0K8rJkfNOjWblfGf7w2y3LrZlJi9Ml262Zxd9pt3GvSX3Z+sbQ1Gd+Ieouy0dzP7s37Zlr+2KtC/7Yv+onKMc24w5K+elaGvV6OfnqGmuoyTJO0RRE+ZreerbSt+0RktnWfeTNO9P0bNbDXt9ho7XqvR0pacn1z6726hbd3Wx/dq9ezWzNwMDbQHxYeX8YKg7kFM5rkK6uVlj+1CODjvdJ2YV1ico9B+qobYlcDM+yVTuJx9ZZ052j9GQPo4NuyjE/vIDp1uXLnf3U7mceU0CFHbzdC1dtVFvv71Ryx8Zr4hOkvIz9OwrDnvIOsjJcR5n5iJ3b7LqHF3Gj7lI+fn5ys/PV5E99HEY24d/MMwlL3ZoX7mca1X77iP/6vrebT+LbnUenQF9YjX9qVXa+Pbb2rhivnVfWUu+Mp55Vc7vtv79UpNc43tyWu78YgVr1Cjbtf76I61/dbN1T+vuozUq0tjWjfr2vQIVWF175SjHPtn2kuDK5XYbz259tsdQlLtbu20zUcMur201hIa8l3QBx3O4Tz7b7fLvbM43F/QvWYPx7d7d9nnYXaP/4uZ9rE1V6tpFGlU5K/xC1LfPbLpHafy85UrdlK63/75Us4eFWP9tWvOstlS3RTQAAADQwhD+AgAAoImFafy9tmVSj6dp5tTF2vZNnorMkvlMjjJfmacH12Qp/2S+8s1DNOpG+5zKYI24xfZH2m9S9NiaLOVbJFnylbX+cT1v2ys1ZNhQ52Un6yk4eoh1X0/lKe3PC7Ut15pMmHO36fFHbXvV1luEhtiXkP7sBT38SpbyzZLM+cpa87CW2faCrUlu9j7r+3UUat+nNlebX9mmPFuIkv/xs0qpwzGrNNL5udU019H8weOKi4tTXNxUrT1kDaLCh4+WfcXlwiJDRFaUpbUPTdXMRdsacFawg2tjNbq7JBVp298e17ajtnF1NEOL/3eDdVx5R2no9VWz0EJ72XsgUxtetfWTzMp57Vml1Ws5VF/FDI+x/vrxBi22LfkcfutoQx8Ha0jlEtGrtWyXPekoUvaLU239OU4rv3B8jhv7U5Rga7vw4yLJN0Bh0WMVY3uxIqe+76metn2ec7emVPaL8jP17OqqPYqrBGtItO0cv1mvZ9/Ls84uteQr89m7lJCQoISEh7W5sn+qxnbRBylK+cL2nsw5WvvQOGv7e17W3sprHqEhMdb2ue88qzT73sGWPG17bJy1D0bP0ZbK4+coJTFOcXFxGrcoU0XyVUCfIRobc4W1usghjK1Xv9QkVKG9bb/u2OD8npalGb5QcXF8b4y37Y+brS3vWNNX13FTnfr3fexIa6he9N4CPW6/tuY8ZSxZqA22VYOjYobWPuv4otnuU/vn/9EMLX5irW256XANjantqykXdy+5fp7W93gO98nxND22aJtyiyVZzMp973E9/OaF/UsmfaOsr2ub9VwHVw3R0E6y/tu1Ik059kMe36bHx1nvp7iHttRrLH/zRXblTHOr+vaZWdses732tLXKtUi+3cMVe8tA22olhdV+qcr1taWiPWs1Z+pMLfygIb88BQAAANQN4S8AAACanO+gZD19b4Q1AD6aoWUPTtK4MXEaM36mFr6RZZ152ilC0/823WkJXd9hSUqy7euY8+Y8JYyOU9zoBM17zfacPol64s66xRLV6hav++3HyM/UsqljFBcXpzFTl2m3u4mIdRQx+X7FdJI1vHtjnhLGxCluTILmvZlTwxKkoQoPt4eyy6zvd3GmQ/VoJdqCqqJdyzRpjPUP1wmLMgyzd2vXKOdXjaa4jr7D4jXKFi5smDZG4xITlHC7PbQLUMRVzjP3ct9ZqQ1f5yrn42Wus4IbRJjG3xurYG9JZ3ZrWZJtXCUtVsZRSQpQzLxkxTguNTtoghJtM3Mr+ylujGaut+88Ww+DYq0hnsU+SzxcQ25wnaUcPPJ+22vmadsTCYobm6BxY8Zpzjv2PYLv1x+vNT7LoO9YTbhKkoqUuWicxiQkKGF8gpbZZlKGX9nfoXGoRt9p+zKIQ7/EJSxUxhmHZg6Cb7WfY5F2PzdJY+Ks42dhhnXUh935iMY7XN7KsW3JUdrDCdbjj5mpDQdk7fcHZmiIQ79H3GVrX5StlPvGaMz4BI0ZM0nLPrMdf+L9Dvvdhmns760BU9HHCzVubIISEscp4TnbLN6r+qvy3darX2o25I5E696kbt9TA/KO0ChbIGt9HKXRN7uOm+rUt+/D7phm2zPd4dqOmaTF261hZUDMfCUPa/zoV5JUtLvq87/yPpXC7rxf8bXtd3xB91LNn6f1PV7VfSLl71imqWPjFDd6jKY+t1tF1X6mV6PfFZVfitry0BjFxU3VhovJNL0j9MdZ1vu+6OsUzRwzRuMSxijubtu/s95hSrxvlPO+z2711xW2pcnz3pmjMXFxmrq+6sTq12e+iv39qMr9u6eOHaeExASNedgWQneKULjTTOSaXjtXm1/aoOzcHGU+w4xhAAAAND3CXwAAADSL0FsXKTUlWaOuCpGv4x+i/UMUfmuy1qxdpFG2GYFVQhX/9N+16M4ohTj+/d83QGHD52vNsvEKre8ftd0InbBUy6c4v4ZvaKzmp8yXbf5k/QUMUfILT2hUL4eDevsq9NYntOj26pcQjbj3r0oaaOijSgEaMme55g8PrZoJZzvm9BucW9aqUc6vOk1wHb0jNH31UiUODJGvzCo6ma/8Ykn+oYqdt1zTDQFm9z79rcGsd5iGRNYeOVwI30Gz9fdVyYp17GNJvpdGKfGpV5QcbZ/lbuMdqvF/W6pEx/PxDVHUlGSNd7k3auEdoRjbFwUkSQNHOASYDrxDNX7ZGs2/Ndx6bYpty/L6hijqzqV6JXlI5f7G1QvWqL+usY5Lb8mcn6/8M+bKYzx5q3P/BkQna/m8WIU63m+9RumJGdUswO0dqvFPr1Gy7fiV/EM1ZNZyLZ1gGK8BQ5T8wiLbWKji2z1c4x9/ybXfA4YoefVSJd1gO/8z+TJb7GNnjZYbjh9861KtmRerUH9rf+WfLJJZvgoZmKilf3YMsOrXLzXqNV5//WuiIhyHRvcoJSWPt60G0HDCbhlVOdM3YHi88xcUalPfvveP0uy/u7u29Rl/DSFG81PmK9ZpUFrP4a/G8VWdC7iXavw8re/xvEM1/unl1uNVFvoqZGCSls+p579k3eL1yOOjFFbnPYprFxCdrFeeStKQXr6SzCrKt86d9e0Vq/kpy+v4GRes+Eef0Ki+Ae5ng9e3z66drleeSlRUd1/rMvInrfe+b69YzV/m/GW0ml+7u8L62W7OPkOc7lMAAACgKZhKS8sqjIUAAM/n4+Pur0oA0HzMRfkqbResANe/olbLfCZfRQpQcAP+QdrIfMZ2Xv6SlKnFcQuVISn0zlVaVdcQwMhcpPwiKSDY3R+NL5RZRfmlatcQx2yU86te419Hs4ryi2T2DVBwTQPMXKQiBdRrDF4wc5Hyi8zyDajjmLeYVVQkBTRaH7nXENemPseo/+dAHa+tncWsojNFkp/9nq5NPY9fXKT8EimgU4D7AM9BffqlRsW2cVun91N/5u2Pa8yS3ZJCNH7FmsrZpPXW2H3fAHLXT9XU13Kt4a99/+/iIuWXtrvo69Rg19umXsezmFV0plTt6jAum0V9Pw8vUL36rAHOyVxUJAU0zb+jAFCTsrLG2NMEANCSMfMXAAAALcKF/IHVt1Nw3f6IWx9nMrQwMUEJiQlavL1Ivp0cgoo9n8m+C2lYrwsMfiXJN0DBDR6s+jZcWNso51e9RrmOTnwVEBxce4Dk20TBr+x9XI8x7+3b5MGvGuja1OcY9f8cqOO1tfO2tq9b+Kj6H9/fdu/UIWCrT7/UyL/xgl8pX1u22D71rhyl0Rca/KoJ+r6x+NcxLKxFg11vm3odz9v270MdxmWzqO/n4QWqV581wDn5EvwCAACgmRD+AgAAAI46RSiie77yT+Yr45l7NOfFNGVkZGjb+oWa+sQ2237EoxQ7yPhEAPAwBzZryzfWX6NG1WUPVgAAAABAcyP8BQAAAJwEa9Tc2RoSLMmSr+x3UrR48WItey1TuWZJvmFK+ptx7z8A8DxZWzYrT5ICYhV/I3MYAQAAAKA1YM9fAGij2PMXAGphyVfOB5u14cNM7TteKPmH6Fcx8YofM0ShdV62FABaKXO20p5/X7mS2kXEa/qwi1jqvpXI37VWa3fkSwrTqAdGKczYAACAVog9fwGg7SH8BYA2ivAXAAAAAADAsxH+AkDbw7LPAAAAAAAAAAAAAOABCH8BAAAAAAAAAAAAwAMQ/gIAAAAAAAAAAACAByD8BQAAAAAAAAAAAAAPQPgLAAAAAAAAAAAAAB6A8BcAAAAAAAAAAAAAPADhLwAAAAAAAAAAAAB4AMJfAAAAAAAAAAAAAPAAhL8AAAAAAAAAAAAA4AEIfwEAAAAAAAAAAADAAxD+AgAAAAAAAAAAAIAHIPwFAAAAAAAAAAAAAA9A+AsAAAAAAAAAAAAAHoDwFwAAAAAAAAAAAAA8AOEvAAAAAAAAAAAAAHgAwl8AAAAAAAAAAAAA8ACEvwAAAAAAAAAAAADgAQh/AQAAAAAAAAAAAMADEP4CAAAAAAAAAAAAgAcg/AUAAAAAAAAAAAAAD0D4CwAAAAAAAAAAAAAegPAXAAAAAAAAAAAAADwA4S8AoNkdOHBABw4c4DGPecxjHvOYxzzmMY95zGMe85jHPPaYxwAANAfCXwAAAAAAAAAAAADwAKbS0rIKYyEAwPP5+HgbiwAAAAAAAOBBysosxiIAgIdj5i8AAAAAAAAAAAAAeADCXwAAAAAAAAAAAADwAIS/AAAAAAAAAAAAAOABCH8BAAAAAAAAAAAAwAMQ/gIAAAAAAAAAAACAByD8BQAAAAAAAAAAAAAPQPgLAAAAAAAAAAAAAB6A8BcAAAAAAAAAAAAAPADhLwAAAAAAAAAAAAB4AMJfAAAAAAAAAAAAAPAAhL8AAAAAAAAAAAAA4AEIfwEAAAAAAAAAAADAAxD+AgAAAAAAAAAAAIAHIPwFAAAAAAAAAAAAAA9A+AsAAAAAADyS+WimNry4TCvXZyrPbKwFAAAAAM9jKi0tqzAWAgA8n4+Pt7EIAAAA8Bwnt2jO3SuVbbE9vmq6Up8apWBDMwAAPFlZmf0fQgBAW0H4CwBtFOEvALQGZuV+tkM5hbaHIRGKubK62KI+bYHWz1yUryL7TE7vAAV38jW0aCEsZhWdKZL9VH0DghXQQk/V4+xYrLgFGQ4FMZqfnqwhDiUwsOQr54P1Wvnm+8o+WjlqFRAapqETHlJSTIgYvgDQuhD+AkDbQ/gLAG0U4S8AtAa52jBtqtYesj2Mma/05Opii/q0BVq/zMVxWmjP9XolatUL4xVqaNMi5G7Q1KlrlWt7GPNIupKjDW3QOIp3a/HdjyvjjPVhwLAnlDo3ivCyOpZcpT04Uyn7q18fO+Da6Xp64SiF8p8SANBqEP4CQNvDnr8AAAAAAMDz+Ecp+YXlemLWbM1+fLleeoDgt3pm7X7mQUPw66uAYOceK/pipR5/LcepDAAAAEDLQvgLAAAAAAA8U3CYom6OVeygMAUzW7V6xR9py/aiyocBMfOVuvltbUx9W+mpixTfp6pp3tZtyqp6CAAAAKCFYdlnAGijWPYZAFqD+izlXJ+2ZuXtSNPq1zdp9/6qvUjlH6ywgWOVdG+8Ily2C87Vhgcf1uaTtofR9yv13iinFvkfLNR9r+2rfNz/zhWaP9z5QLufS9Czn1l/bz/wfr04q5aZeIc2aM6jm5VnezhkVqqmD3RskK9tC+7T2u/sj/srcdl8xTq+rGW3lt39rP4tSWqvX814UbMHGV7VnKeMNU9p7QfZyiu2lfmHKHx4oh6aFCO9N09z3jxsq+ipCX9dpFGXOjxfqqFfq44TUuObdWTW7ufu1bOfnbc97qmxCxcp3u26xjnaMPsxbc63Pbx8glY8OUoul9Ccp8xNq7Xh/3Yr50zV7D7f4DBF/T5J02+NqCYcy9OW+XO03r5usZtrL0k6ukXzHl4vey+5XqvdWpn4rDJtj3r+fqkWjWyvrDee1bI3dyvvZ3VcuvmzlUp4LlPmM457/voqODjA+nvoBC1dOEohjs9RdXuZSr6dwhRx81hNm1jL9cnP0bbXV+p1xzEiXwX0jdKEydMVf62xx2399kOR8vMdX69qz1/XPqqDas8jQqNvm6bxbvZkNR/YoHl/rrqPdPUUvZQcI1uPWdvsWqaZz/9b1m3D2yti0nIlx9ha2Prcyjb+/bOU9mKK1u/KqbwOvp3CFHVHTWOpivloptJe3aBNDs+Xt69CrhyqUXcmuulPq7x3HO/FIbp/7XRFHM3QC397Xh/tL1K007LabsbcrS4jw+oC+lVy3zdDirZp7YoUfWT/HPD2VciVI5T4QJJiLnV7lCqWfGW9s1Zrt37kMk6jfjdek8cOqXmcXmjffrFS4x7eImv8G67pqUs1yrHZnmUaN3+brT5UiatWaXytNysAoCVg2WcAaHuY+QsAAAC0JeYcbZh9uyYtWKtMx4BSkorzlfNxiuYlJmjeO/akzy5U4WFm5Z/Mt/7sya7cw9Ru357MqvqT+cr8rCoItspR1mdV9aFXR7gPUxz1CldYcdVzsrINr2rZp6xdVfX5JzP12VfOTXQgS/+21+eHKuJaw6seStPM2ydp8TuOoY+k4jxlv7NYk+5erIyjpxxe45QKXf6GVqTMJXdX06+24yTO0xZ7OF8rX0XdECFz5WtmacuH1Sy1+sU2bdpf1QdXxIxwCX7NBzZo5u2TtPC1TKfgV5LM+TnKfHmeEqo9v1IVnnLoY8PzK1kKdcrh+he6NDOr0KH+1OkcbZidoHmv7Xbu99qYC5V/0iH4lSSLw9g8VahShypJ0vFtWpiYoJnPbXEK1CTJfCZHu99YrEm3z9Tar6tmPjo5lKaZd8/UMuMYkVlF+zOV8nCCJj2fZQvG7Gz95hD8SpL5TE19VLO8DxYqIbG689itDYsn6fbZa5VteBu+fcZrekz7qj7KeF7PfuzQyJKllGe2Kddef/kdmmEPflXV59afUzqVk6aZd89TyscO4aKtLzNfnqeEqSuVVU1XSkXKfmWmbk9aqLWG58tiVt7X25TycIISFmxTnst9JpUWOd6LhTq1Y7ESkhZrm/G+k1zHXJHLyJAuol+tTZz7JmvdTN09e5nz+VjMyvt6ixYnJWjxDncHscnP1OLEBM17eZvbcZr52sJaPkcuom+v/KNeSk1VamqqUlOf1Ajjh0iXYHUxFAEAAABomQh/AQAAgLbCkqsND87UWqc9Hd2w5Cvrxama8459KqlVRPT1VTMFc7OU5VSdpazdjo8lfZ7lvDTo0Sxl2WcOK0rRg2uNfiVFaMgNVSFU7hdZcnrZr7O02xBi7P3CeUHSvCyH50RGK9rfobIoU4v/J0U5NXVJfobWuoThzsw7ntez2x3OzD9Ywd2CFey4X+aZLK1cscX5/GsSOUqju1c9zNv+kdzFv1kZH1WFjgGxir/RGG5v0JzZa2t+j5KUn6WV983Rlspr1Lhy31iotQeMpY2geLcWz16mTMeO9w2wXh/HsWDO0YaHH1aay6XO1Ya/Oo4RXwV0s15f+wxeScrbukCvflH1uKGZdy3WzGcyle8w3n07Wc/D12GWrXn/Bs35nzSXL2eE/XG+4ivHU5Eyn3tWmbaBk/PqMm05Y6vyjtLs/4l1mhXsLFcbFtdyzxzdonluzkGSct98WHPeyHEKan2DgxXcLcDpyyD5O5Zp5jO73QS6jjK0bFGGIXSvn4vtV2e5ytzu/N6cFSlj0WPu77Hi3Vo8baEyavuAOJOllf+zuPLaObqovvUNUHBwsO3Hub0k5X+e5fDeAxUY6FQNAAAAoAUh/AUAAABai+JC5efnV/NTqMJy4xOc5W991ils8+07Xov+/rbS09OVvvltrUqOUYhD2JH98gLnkOLagYqqrM/WvmyHutxs15l+RVnKcpyhlpNdFV5eFaVfOQZvNYgY6LDE8Df7tM8hpMn92jjbUir6wjGkkHL2V0Wm4QN/5RRqZL3yrDLsoZckXRqj2U+n6u30dKW/vVHLk2MVakxB3Mja4RBA9RqvVW+kKnVtqlJT31Zq8pCqIO3rzdpWc3rkIExDRzisq3pym7bscayXZMnUtg+qeiBk5ChFOC23m68tK9Yqp7LPfBV2+yKt2ZRuve6bVil5mMMyuJZsrfxbPQLqi2E7J9/gMEUNt+7JWqc8KTpZ6enpmh/jUNYrUavSbe/JsHR0zusvOFzjAEVMWa63395ovT6b3tYax3FvyVHKmgznUOzobmVWjuMADZmXqo1rrdd34xvLNb6Xva5IW96zL/8rSaEa/0K60lclOp1PzCO280x3XJ64Njna8KLDGOsUoaQVb+vtDdbzeHvTGufreCBFKdsNEaR3mJL+FF+1HHZRpp59LlNFuWl69q3KBaEVNStZsdUnv1YWScFDlFTTveLuHIozlPKqw1cYLh2lJ1LT9XZqqlLXbtTbqYuUeG3Vixdtf0EbavuCgMUaXIZeNUSxw2PVv5pVnd1rgH51EaCoWav09uaqe2z2IIcOtWRr/TuuX+NwHqdSyMj5Sn3bdoy3DedxJkOrNxqO0Rh9W1yk/ANZSntxpu552eED/6qhGmKcGQwAAACgxSD8BQAAAFqLXcuUkJBQzc8cNzMWHeVo05sOf7zvHq+lTycqorstrfH2VWhMspY7BpWWbKVtcQgTvKMUEVn1MOubqrr8PbsrA9fgbvZUIFdZDtODs77YW/l76IAIl6WJqxUZocr415Kl7MrAIl9Zn1e+qoK72X51mpWcpazP7b+HKirS4VUtmdr2nkN03ClG85clK/bKYGtA7BugsJjZWrWs9n1ozTUE78Ex4/XH4bGKHR6r2OH9Feh+5Vm3QofHKrzyUZE++dh5VrP5X+8rozLYDdeoUWFO9dq/Seu/rnoY8vulWn5XhELswbt/qGLmLtd8h9nV+jpNm2sLhRpEgGLmpert1OV64oHZmn1XVN3HRJ1ladvWqmAz4OZHtOi2MIcvAPgqJCZZSydV9bJ2bdb7jum3xVz9TE7fMI2+a7zt2sYq9me+jROcf7FNm4/bHwQo9n8WKb6PQ9LqG6KYuUuVdGVV0e5333c9l75Jmv/7qhCx6ONndddDKVVfDhg4W8nDa0t+bffKS/MVX8u9YjyH/A82O8zUD1fSX6cryvGiB0do/MJHHMLnPG1+13nMu+gzXsvf2KhVT83X7Adma1QfY4MaNFS/Ogi4+RE9cXNo1axh/1DFPuL4nqyzaKtGpVzGqa5M0tIZQ1S5cIBviGIemK/xfW0rCnQL1vldmXL8/k3D9W2uNkyLU1xcnOLGjlPCffOU8k5OVUDuG6ak+9zsKQ4AAACgxSD8BQAAANqC3N3a7TCLN/y2sQpzmiFqFXDDeMXaQ1RJeV9nOwQdvvrVwKqQLD+7qm7f1/YYIlwT7qoKkLO/tu/7m6vsr+zxQYiGDKotTnXg/ytFXWV/kK/sbNurWvYpyx5sXjVBUypn12Ury77vr+OM5O5DFOX4skdyHGbESuF3TNEQd7lXr/GaMMhY6Kx/X4fw8NAGTU2co2XrM5R93CwpTKMemK3Ztp96hVPdRmm0w2sXfZCmjMo9SfP1/rsOa20PGq1RDtdOknI/2+1w/cIVf5shHJass1l/H+sQ5uQp66ua4q0GctUfNeWGRo6QDmU5zUjv36+nm1nz+dLl4VUzYo2z2i8NV//KcVGkzEUJmvrYWqXtse6pGjwosfLaNk6ALeVmOc5w768rL3d9D/n5Uli4w+zQr/fJuOu23Cz/XFTn5Z6r1PleMZxD1eeEpNBwhXsb30O+8s/0VJjD7VT0lev+4lUCNOqeRIXVYXa+Ow3Zr3ZRgyKMRZJ3hBwXMNCZU84rFhjGadQtbsJV7zAlLrOtKLA2VakvJDp8MaQx+tbIVyEDE7Xo78sVXznbHQAAAEBLRPgLAAAAtBbdI6pmGLr8DFGYuzDGLvewwx/5AxR2uUu0YBOm8KsdHh7P0ymHh8E3DK0KHL7Osi3B7DC7tleUIm6M0HX2NvZ9f4v3Kdu+dG63aA2pTwCqYA25oSqxqAyUv86SfS5x6IAIxVxb+aqV+/6av6kKN4JvGCKn6PO/ec59ElZdn/gqrF/NYXXwrfcrqa9DApWfrW2vLdacu8cobswkzXlmgzKPVjt/tAa+irnVIZCz7NZHO23HOfmRPqqc1Rug2FtjXPbpPJzrEO0EhCm0urfYN1yOkVXeScer3jiCw8NdA66G5nSNpd3PGWfM237mpznNxDx+0iH89o5Q0gMxCq78soRZuZ9tUMr8mRo3Jk5jpj2ute/lOO0Z29AOH3N6F1pmPP//z96fR8l53/ed7+dZaq9eqnf0gq0JEuAGbiAlUpIp24ocm9I4suPI8bGu49E5znXGUeYqw4mv5kiJJ7p2mFHGCh2Nda4izchH13IylmWbXmTZEbVQGymSIAkCIHY0gN67urv2Z/vdP6rR6C4AZGPvfvr9OqcO0FXPU8vzq6eB7k99v9+ly2+uaN8sTap4qQy/tf3zkjW1e5YkFbTn7sutXOu5MqbJcxf+PnZ65U1f0Ucv8Rp+6Zd+SZ95YcV2M3OrvgetdqdGd7Vet3bX9bhKkka0dbD1uqatIytbuM+trvxt+V7Uf74jw5rdiGPbNPLzn9KXvvQl/devflWf/60Pau/llh4AAADAukH4CwAAAGwUe564UGF40eVDeqyl6vO6qHkqr/y6sFf7lqu+Xm5W3q6oWivs26cR507tPV+pW9mvg2OSXtmv8zWquUf2rQ5h16Bw/74L7WSXAuULVXsF7XtoRLp773Iwfb6ibf/+5UfVYw9d6aNeAWdEH/gPX9DT//wJ7RlsCW68CR38+hf1yQ//kn7zz9ZeZ7fs/if0vuVKzQttZ8e+/rULbV/736cnVrTkvlZebdWq3xD5zJUGXDdPV2F1wpV79El94bMf04feOapc6/Keel5f/o+/oV/6tc9cPPf6lupSob31uiXJpBKrrsgpmV51xXXiybvWULwrr67W65bllF/j7PDr502O60ZzyWM7opEdF77aumuPCoXCRe97AAAAAOsX4S8AAACwGQwNrJjFWdHk5OWqUMd0bMWYX/UPaEXu2JybuzxIsqL9B8ZU3L9/uWpt7+5RSQXtfeD8o43p+ZeKGnvjwp3uu/8SbVHfysg+7Tsfblf26+BYUftfWXpUZ6/27GwJpk89r/3FMR08svS1s+9CIH1eb9eKytOKjh27bDnf6gray3EKGv2pX9enPvdV/eUf/1c9/ckP64MPrZj9qYr2//7v6isr2m+vzaje9/4VvVoPfEPfmDmmb/zNhee05/3vu2SgvnXLimrDyqQmlltGtzh1TCuXfaB/9aqvSfGtqwhvulVrnNTjT35JX/rSW1/+xSXafCcHH9MHf/Np/devflX/9XOf0pO//F7tWVmhee4Z/dv/fKkZqtduYHmOtqTM43ryEs/54su/0L5LtHZXOKYv//svt7T7rei5//i7em5N4XVRYycv9/2j9VwZ1YWC134VelfctPNDevqi53yJy79/65nbV+u6Htdr0fK96PLfny/n+h7bff/swjaXOhcAAAAArG+EvwAAAMBmMLx3xdxS6fm/embFLNgVXvlz/fmK7KbwwN6L2sOOvvPdy0HF2MHX9cPlWZP7tHep+nTkoQuzTw8eek7PLwe1j+uxqwoTRvXux5cfVQcP/PDCvN/79y6FMSuD6YN6/dvPa//51/LOx/RYa2Czc4/2rrju4J/98aoZwMtmntFXvt165UpFHXz2WT27dHn+lCdlchq9/wP60G99Vl/94kdWhEUH9dx3L3nk31Thp9636j6+9u8+oz+fXPrS2af3/dSle7GO3H3nihmuz+tv/vrSj73/mT9fEQYWtHfvylVPrAiwJb22XwcvcZyOvfjC6jmm68GqNfZ06PicCoXCRZfGuf3av//85bRKK+7CO/X88to+++xBFZVUbnCPHv/Fj+hTX/gv+tT7Lxyryrefa7Y5v85Gd6/4wETtkI7OXPwaCu0NTSy/hv3af3Llq7hg7E+e0hePL32RTF5oFV55Tr/7n55b0xo+///74qXPlVNf1pdXnit33ak7l79I6s49K6LGUwd1NHmJ15Gc09EVr+P1ybU8o6tzPY/rNWn5XvT8t79xiXUo6rnPf1qf/t+XLv/xays+sHF9j20yd2EfKn4BAACAjYfwFwAAANgMnL164u+vCPQOfU4f/d+e1cSKArPiK1/Ub3z8mRWhwx793PsvUU+6a58eO58oHvwj/dH5eb937dPD51uwrgwzXvuKnjm09PfloPbKjT702HKQ+fof/dHyvN89Dz28HGCtDHP2/8kzy22R992/b/n6Zc5jeu97ViTik1/RR/9fX9T+FfmoN/Y1ffIjn7lk2HnBnJ77/FN66qnm5RO/82WNrdy+fUBdK1rqel5jxY1rlHlcH1jxXMcOHFxep9x7PqDHL9f69t4n9N4VRbwHP/9RPfXshJaXPSxq///5G/rEX6wIgXb/nH5u1RzVAY3uWXGcZp7Rv//951fNuC2+8jn97h+vmmJ6c80c0+lL5VjOY3rvT1147hN/8kl95gerA/Dit5/Sb/xPF9bvqb8YU2pl4PXGMxdue+rj+sy3Vz5QUgP9K4L3evnCsb2MY8fWUEXe6pH36onlVsMT+sq/+4yeX/kywqKe+9Rv6KPLz/Mp/flY6qIZ0Br7ip76v1ZU4f+zL+jf/MyF41N59nf1n757qQPZYvIr+lcf+/JF58on/ufVofCedz62aq7zyHvepz3nz//weX3uf/2Kjq08YN4xffF//g19Yvl1/Cftr136gw3XxfU6rteq9XvRC5/Wv/qDYyveS56O/cHH9cn/+2v62tebl+9oYFW1//U7thUd/MNP6Fd/7mf1sx/+hJ45P6sdAAAAwIZh+X5gWq8EAMSf617lb94BADfRmL78//w1ffH8L98f/5j+8snHWrY5bw3b1p7XU//kE3p2ceWVSeV6ckpWiiq2tAQe/eXP6ulfvFRTUOm5p35an3x29XWFn39aX/rV83GEp699/Gf16RdWb7Pnn35Jn3r/pQKHNQif01M/+0k9uyqILegDn/6SPnw+rKx9TZ/4uU8vzxdu2qNf/9Kn9MSlHnbmGX30n1wc7ibbC8r5Fx+TphF96LOf1QdXHJrin31Uv/T7yxN4pcyI9r3jTnWprNMvPKeDy4HSgD74e5/Xh3Ze2HTNjn9Rv/o/fFmrI9a3vj/vB0/pl/7Ns6srCZM5FdqTqhSLq2eyOqP60O89rQ8uz3VeMvZl/dqvfXF1q2AnqUIhJ3kVFRcvjjwf/1/+Uk8+uvKa5/TUT39S5982I7/8WX32Mu+vtbjomJ+37UP67P+xop1t5Tk99d9/ctX7PlkY1d6HujT3wn4dK6547pd6/eF+feaXflPPLO+f1MBd+7R3MC8VX9c3Xhi7ENI98qS++onHW8LB/frMP/xNPXOJTPXiY3R5le8+pV/5tyvW0UmqsHOvHu6Y0w8PHFv9Xt35IX320x/UyKr/7o3pK//Dr+lz56t+d35Yn/29D2ik9fW1P66P/ecnL3zAQ5K++5R++t+2nPBLkoWCcvVLnCvbPqjP/t6HWp6DNPaHv6Ff+4MVTcaTOY3suk9bdVovHxlTZcVy5B7/mP7PJy986EOSxv7w1/Rrf3D+nfi4PvaXT+py3xXX8p675uO66thc/L3hvLd83pXn9Mlf+eTq1tuZggo5Sa3fn519+siX/43eu/LAXIdjK0l65TP6h/9qxYeAWs8nAMCGEwRv+ilGAEAMUfkLAAAAbBaZfXry0x/RY6tCUE+VmdbgJqnRX/iUfudNgrl9D7VW0ub02EMr69CSevihFXNqpWZb5vsvlcCukbNPDz/Ucl3uMe1bWaWaeVj7Wmf7btunvZd72J4n9Fu/9YQGWgIqb3HFMUmO6vF3Xv5YSFLh/b+lj/34igepjen5r39NX/v6yuBXGviF/+lNg9o3tfN9emJ3y3W7n9D73uL+ko88qaf/x8dUWPkavYqKMy3Bb3JUH/yd37k4+JWkkQ/qf/nV0dWhZuipOFNcDn5HH3/spgZEhfd8UI8vV22+idxjevLffVijK568Vzym57/+fEvwW9Djv3mJ1+/s1a+v2t/TxIHnmhWYK4Pf9n168p+1Br+StFfv+0eXqKC/QrlHn9R/WLkGoafikef1tRdaAsrC4/rYv2sNfqXin/3uheBXA/rARz7QXC9nrz78Pz5+IQRcfPYt2j+P6IlfvrC9V2z9/rEUIP9/Lg5+JWnkF39n9bniVTR24Dk9d2B1OJnc9WH9h49eIpy8zq71uF43ucf0sf9t9ftUtWLzHFv5PJKj+uDvPHlR8KvrdWxr5dVrX3nranYAAAAA6wvhLwAAALCZ9L9XH/vC5/WxX9ingYtaBSc1cNcT+sinv6Cnf2XPpYOBJcm3P6pV8a+zT3tbQtfCnj2rWr5q27v12DWlg0k9+mhL6Lxvr1ZM7ZRU0J49q5PekXe9eSiZu//X9fnPfUxP3DXQEtwlNfDQh/TbX3hav7h91Q2XkNNj//IL+vyTT2jP4MXxX7J/j5548vP6/V9pDcSvREHv/XurX+2+J55YfYwvY+A9H9MXPvsxffChgdXzeyUpOaA97/+Inv7C0/rQXZdf9ZGff1pf+J0PaV/L60u2j+q9T35en/rFaw84r0hmn578z5/Sh985qsJF7+UW2z6gp//L5/Xk+/dooHV5nKV1/uKX9OSjl3n92z6gp7/w2/rwO0cvnoHqJDXyzg/rt/+Pf6PHe1puWzLy80/r87/5hPaM5C4RDq/dyM8/rf/yuScv8V6VlBnQvl/+bX3piy1Vu2q2af63/98LVdK5n/nIhWp5SclH/oWe/PG1t3/ueseT+tLnntR7t7U8Cyepkfc8qc9/8cmWD5mslNNj//JL+tLvfFiPte6/4v30Xz79gRsXtLa46uN6vW37gJ7+wtP6yHve5H32pufpdTi2D/2iPrzr/L45Pf5Pf3FVe2kAAAAA6x9tnwFgk6LtMwBAkrxKcakiLKlce+7iYHCz8SoqVrxrPx7L9yMl0wXl3iqcXBNPz/6bn9VTP1j6Mvde/faXP3JhtvKaeaoUK81qPqfZ/vmKLb2+6/fabi5vsahKqOY6F648kL3W/a+L0FNlcWkdkzkVLkoLr6M3a21cq6hYXzpnruZY3JBz5RrczOP6Fq75fXYNx9ZbLMpPFy4OoQEAGw5tnwFg8yH8BYBNivAXAIANZuYr+uiHPqfz9ZsDv/C0Pv8r1OThJniz8BcAAKxrhL8AsPnQ9hkAAAAANoBjzzyzHPxKe/TEEwS/AAAAAABgNcJfAAAAAFjvas/pj/9i4sLXj7xPT1xmviwAAAAAANi8CH8BAAAAYJ0r/vVX9Gzl/Fc5vff9j1/5/E8AAAAAABB7hL8AAAAAsK4d05//2YWGz+p/n564f+XtAAAAAAAATZbvB6b1SgBA/Lmu03oVAABYj849q8/80X75S1/mHvmQPvxooWUj4AY6/ow+/afHlr4o6NFf+ZD28RYEAGBDCIKw9SoAQMwR/gLAJkX4CwAAAAAAEG+EvwCw+dD2GQAAAAAAAAAAAABigPAXAAAAAAAAAAAAAGKA8BcAAAAAAAAAAAAAYoDwFwAAAAAAAAAAAABigPAXAAAAAAAAAAAAAGKA8BcAAAAAAAAAAAAAYoDwFwAAAAAAAAAAAABigPAXAAAAAAAAAAAAAGKA8BcAAAAAAAAAAAAAYoDwFwAAAAAAAAAAAABigPAXAAAAAAAAAAAAAGKA8BcAAAAAAAAAAAAAYoDwFwAAAAAAAAAAAABigPAXAAAAAAAAAAAAAGKA8BcAAAAAAAAAAAAAYoDwFwAAAAAAAAAAAABigPAXAAAAAAAAAAAAAGKA8BcAAAAAAAAAAAAAYoDwFwAAAAAAAAAAAABigPAXAAAAAAAAAAAAAGKA8BcAAAAAAAAAAAAAYoDwFwAAAAAAAAAAAABigPAXAAAAAAAAAAAAAGKA8BcAAAAAAAAAAAAAYoDwFwAAAAAAAAAAAABigPAXAAAAAAAAAAAAAGKA8BcAAAAAAAAAAAAAYoDwFwAAAAAAAAAAAABigPAXAAAAAAAAAAAAAGKA8BcAAAAAAAAAAAAAYsDy/cC0XgkAiD/XdVqvAgAgPoyRMUYySz/utP55nmVd9KdlWRe+xgZyfs2jpS+NpBXvgfMsS1JznZu3nF9zPhu90ZilNTdLa22Maa7pJdbckrV0WjfPbduym+sOAEDMBUHYehUAIOYIfwFgkyL8BQDEijEyYSgTBDJBIH++KG9yUo2JCXmT4zL1hsJyRX5xdtVudjqjRKEgJ5+T29WtRFe3Uv0DSm7ZIjuRkOW6kuPIsgkG1x8jEwYyoScTegrKU/LnTsqfO65G8aRMo6KwNq+gNL5qLzuZl9vWLyfTIbd9SG77FiW7dijZNSrLTcpykpKTkEUYvO4YGYVhKD/0FIS+iuVZjRfP6uzcaZ2bG1Pdq6lUX9Ts4vSq/TKprLryPcpn2tXb3q+etj4Ndg1rqHurEk5SCSchx3Fls+YAgBgi/AWAzYfwFwA2KcJfAEAcmCBQWKspqpRVO3VKtZMnVTt6RGG51LrpFbFTKaW3blXmttuVHh5WsqdXdjotK5ls3RQ3mQk9RY2yotq8apOvqzHxqupnX1RYLTYrfa+Sncwq1bdH6eEHlerdrUTnsOxkTpabbt0UN5kf+qo1KirXSzo+cUTHJg/r0NnXVKoutG56RVLJtHb03abdQ/doe+9O9XYOKJPMKummWjcFAGDDIvwFgM2H8BcANinCXwDAhmWMIs9TsLigxpkzqhw6qNrxYwrL5VWb2am0rFRStpuQlUzIsu2LwlvjB83qUT+QCXxFnqeoXl/VNtZKJJQZHVV21+3K7hyV094hJ5OhNfRNZWT8moLKjBpTh1U9/X3Vz72sqDa/ais7mZGVyMhyUrLclCzLkZXIrNrmfKWwCT2ZoCET1BV51dVr7qaUHrxPmZF9ygzulZ3tkZPK0xr6JjIy8vyG5itzOjV9XK+dellvnHtd5friqu3SyYxSibQSTkJJNyXbspVKrA5v/cBXEAXyQ19+4MkLGqp51aV20U1JN6ldg3dqz/A92jV4pzqzBWVTOVpDAwA2PMJfANh8CH8BYJMi/AUAbETG99WYnFTtxHFVXj8g79xZRZ4nSbIcV04uJ6e9XW4+p0T/gBLdPXLb2uR2FmQlEkq0t8tEkRRFMlGkYGFBYbWqsFSSv7igYG5O/tSkwlpVYamsyGvIBEHzwS1byZ4e5e65V9nbdinV3y+bEPiGM0FDXvGk6udeUe3kc2rMHJEJ6tLSmtvpDjm5bjnpghLdW5VoH5ST6Zbb1i/LTSmR65cxYXMWsAkVVKYU1hcUVecUVKYVlMblz51R2FhUWJ1T5NdkAr/54JatROewcjt+TOnhB5UsbJNNCHzD+YGn8eJZHR0/pP0nX9DY7El5fkOS5Dqu8ul2dWQ7lc+0a7BrWD3t/erIFlTIdyvpJtSZKyg0oaIoUmhCzVfmVKmXtFhb0HylqNnSlMbnzqraqKhUW1DDbyhYOs9ty1Zvx4Ae2PmIdg/frYHCkLJJQmAAwMZF+AsAmw/hLwBsUoS/AIANJYrkz82peuyoSi+9qPqZMSkMJcuWk80q0durZF+/UoODSo1sVWpgQJZtK/I8Gc+TCXwZz1dUrzf/7i9V+0ZR6yNJtq1gcV6Nc+MKSwvy5+cVlssKa0vVobatZG+fcnfepdwdu5vzgWkHff2ZSP7iOdXPvqTykb9VY+qQFAWSZctOtynROaJk51Yle0aV7NujZNdtsmynGQyHDZnQk0JPJqg2/4x8KfQkc4lfgFqO/NKkvNkjCkoz8kpTCiqzCuvlZmhsO0p0blVu+2PKbH1Yia5R2QnaQV9vkYk0szilw+cO6Pkjz+nU1HGFUSDLspVP59XXuUUDhSENd2/X9t6dGuoakW07agQ1eUFDXti81P2KvLAhP/Tkh57CS6y5YzmaLxd1Zva0Firzmi8VVaqWVK03K4Jt29ZA55Du3f6g7hzZq6GurRdVFAMAsBEQ/gLA5kP4CwCbFOEvAGCjML6vyuGDKr/yqqpvHFbUqEuWJaetXemtW5Xetl2ZHTuV6u+X5boyvq+oVlfUqCkoV2Tq9Wbo6y9Vc14JYxRUK/JnZuXNTCuYLyool6UolGU7So2MKL93r/J77pLb0UEV8HVigoaqp3+g6vFvqjb2vCKv0lzzbJdS/XuU6r9L6cG9ShZ2yHKSzXDXr8gEVZnG4tLfa82w90oZo6A2p0ZxTF5xTN78uMJqUSYKZdmukn27lRt9t7LbH5Wb62XNrxM/9PTaqZf10okf6vWx/ap7NVmWrY5sp7b336ad/bt025bd2lIYVsJJyA8bqnplVf2KSvV51fyKan5FftisEL4SxhiV62XNzM9oen5Kc4uzKlXLiqJQju1oe9+oHhh9m+7d9qA6c11UAQMANhTCXwDYfAh/AWCTIvwFAGwEQbGohed/qPIrL8ufnZUkOdmsMqO7lNm1S9kdO5Xo6pJsW1GjobBUUlguK6pUFNVql67svRpLc4a9uVl5k5PypiYVViuSMXLyeeV271H7vkeUGh6WZdMS+FoEpUmVDv2lqse+IX/hrCTJTrcpPXS/MsMPKr3lPiXatki2IxPUZOpFGW9RxivJeEuVuteDMQq9irz5M2rMHFd99qTC2oJkjOxMp7Lb3q623T+jVO/tks3/q67FXHlG3z30rH509HuaXpyUJOXSed0xdLd2D92lXYN71N3WJ9uyVferWqjPqtSYV7m+oIpXVnSJyt6rYWTU8BqaWZjRxOy4JucmVKlXZIxRW6Zd92y7X4/ufre29uyQzZoDADYIwl8A2HwIfwFgkyL8BQCsd/XTp7Tw3HMqv/6aTBDIchwlh4bVdt/9yu66Xcnzoa/XULiwqGBxQWGp3KzwNTfoxxxjFNbr8mdmVD93Rt70VPPxbEfpbdvV8fDDyt+7lwD4KjUmX9fiq19R9eR3ZEK/WWnbe5tyu96jzPCDSrQNLoW+dZn6nExtTlFjfqnC9waueaOkRvG06hOH1Jg7pchvSLardP9datvzM8re9m5ZzAG+Kicmj+jZ176m/SdfUBAGcmxXW3u3a9+ud2j30F3qae+TbTVbOxer05qvzWixXpQXNGRu0JobY1TzapqZn9bY1JimipPyfE+O7Whn/+16dM/jenD07bJZcwDABkD4CwCbD+EvAGxShL8AgPWs/OorWvjed1U7eWKp0jKr/N69arv/AaUGB2W7CZkwVLi4KH9uVlGprOhGhr4tTBQprJTVmJhQ7eQJhZWyZIwSPT3qeORt6nj4bbKYA3xFKse/pdKBr6o+/qpkItnpvHKjjyu/6z1K9tzebO8chYrqczLVSUX1BSls3LjQt4WJQoXVOdVnjqpyZr+CSrG55h1DarvrfWrb/T5ZzAG+Ii+d+KG+9drXdXTikIwxyqbyenD0bXr49sc03L1dCSehMApUrM1opnzuhoe+rSITqVwt6dzsuI6fO6ZytSRjjHo7BvTOO39C79jzE0q6nOcAgPWN8BcANh/CXwDYpAh/AQDrVfnVVzT3jf8mb3JCiiI57R3qes/fU27X7c25upKiel3e1JTC+XlFjcZNC31bRb4vf3ZWlSOH5c/NNp9vPq/8vfep570/RQC8RpXj39TCi1+SN3dCMpGcbEGdD/8TZYb2yc33SZJMUFVUOitTm5EJ6tevvfMVioK6vPkxlY9/T978OZkokpMpKDf6bhUe+bAsN9W6Cy7hxeM/1N+89Kc6NzemyERqzxf0xIM/rz3D96iQ65Ik1fyKxhdPa64yqXpQk7lFa+4HvmYWpnXw1EHNLswoiiK1ZTr04Ogjev/DHyQABgCsa4S/ALD5OB//+Mf/deuVAID4s2lHCQBYh84Hv/5S8Ot2dWngH35Q2dvvkJPNNituFxfVOHtW4fx8s+XyLWQ5jtxsVm6hIOMHCsslRY2G/KkphZWKsjt2ynL4wNWbOR/8+sWTkonktvep993/b2VHHpaT7pBMJFOfU7hwQqY2c1OrfS/Fsl25mU4l2gdkgoaCypwivyq/eEpRbV7pwftk2W7rbljhxeM/1Nde+lONF88oMpF6Ovr0oXf/U905fI/y6TZFJlSxNqPTc0c0V52Ud4vX3LEd5TI5Fdq75Ie+StWSGn5NE/PnVK4vateWO+UwAxgAsE5F0a37NxQAcGsQ/gLAJkX4CwBYb1YGvyaKlNl1hwb+0QeVHhqS5TgyUSR/blbemTFF1aoU3ZoqwItYlpxUSsmeboW1uoLSokwQyJ+ZVlipKHfH7tY9sKRy/FvLwa+JQqWH71fvj39MqZ7bZTkJyYSKKpOK5o/J+KVbVu17EcuWk8wr1bVVYWNBfnlGJvTlL4wprC0ou/Xh1j2w5KUTzYrf8eIZRVGo3SP36v/x+D/VSPd2uU5CYRRqunxOJ+feUMVbULRO1tyyLKUTafV29qru17RQXlAQ+pqaH1e5vqi7Ru5r3QUAgHWB8BcANh/CXwDYpAh/AQDrSfnAa5r7u7+VNzUpLQW/ff/gA0p290iWJUWR/OkpeWNnbnm17yVZlizXVaq3T2G1qmBxQSYIFMzPy3ZdpUe2tu6x6VVPfEcLL/7Bcqvn9PD96nnXR5XoGG6uuYkUlc4pnD8mhV7r7reeZclykkp171BUn5NfagbAYXlStpNQqm9P6x6b3v6TL+ivXvwTjc81K353j9yrX3zHr6q3o1+WZSkyoSZKp3Vy7pD8sNG6+y1nWZZcx1V/oV/VRlUL5XkFYaC50qxcN6HtfaOtuwAAcMsR/gLA5kP4CwCbFOEvAGC98CbGVfzms6qfOikZo8xtt6vvAz+nRKHQ3MAYedNTapweWz/VvpdhOY5SW7YoKJcVlhYl31djckJONqfUli2tm29a3uxxzb/8h2pMHJBklB6+Tz3v+pdy284fI6OofE7h/JH1U+17GZbtKt17u4LqjILyrBQ25M2dlJNpU7L7ttbNN62zs6f19Zf/XMcnj8jIaPfIPfrFd/yqutt6JUlGRhOLp3Ri9uC6qfa9HMd2NNgzpHKtrIXygvzQ0/jcGeXSeQ13b2vdHACAW4rwFwA2H37zDwAAAOCWCctlLfzgB6odPyZJSvT0qPsnflKJzs7mBueD31OnJbMxfnFl2bY6HtqnRE+fjDEK5uc1/+1vqnb06IZ5DTdSWCuqdOgv1Dj3siSjRMcWFR78Fbn5/qUtjKLSWYVzhzfM8bJsR4V7flbJrqHmmpentLj//1bj3Iu3dFbtelGqLei5Q9/QG+OvSzLq6xzQTz/ws+rKd0tLwe/4wikdm3ldZoOsuW3ZemTP29Tb1TzPi+VZ/bdX/0pHJg7IsOYAAAAAbiHCXwAAAAC3hAlDVQ4dVOW1V2WCQHYur56ffkLprVuX2v4aeVOTapw81brrumfZttofeFBOW7skyZue0vz3vyt/dnbDBJo3gokC1U59X9Vj35QJfdmZdhXe/utK9d8pWfZSq+el4HeDsWxHhbvfLzffJUnyiqe1eOBPFZbObeoAOIxCvXb6Jb10/AcKwkD5dLv+wSP/WNv7dsmybBkTaXzhpI7NHGjddd2zbVsP735EbbnmeT4xd1bfePVrmi5NEAADAAAAuGUIfwEAAADcdMYYNc6c0eKPXlBQLslKJtX5jncqvX2HZNuSMQqKxWar5w3KzWbVds+9spNJmTBU7fgxLfzwBwpKpdZNNwVjInnTh1U+/NcKa0VZbkrt9/yc0gP3SJYjGaOoNqOw+EbrrhuGk+lQx+6flJ1Iy0SB6uf2q3zoLxTV51s33RSMMTo9fVzfP/xtlWqLSrop/fi9P6XRgTtkW7aMMZqtTur47KHWXTeMXDqn+29/QMlEUmEU6uj4IX3n0N9qsTbXuikAAAAA3BSEvwAAAABuuqhaUeXgAdVPnpBsW9lddyh/551yMhlJUlipqDG2cVo9X5JlKdnVrcxtu2TZjqJaTdXDh1Q7dlRRo9G6dexF9UVVT35X9YnXJMtWZuRBZbc/JjvVJkky3qLC4pENveaWZSvZOaLc9n2ybEdhvaTq6R+qMf6STFBv3Tz2KvWSXjn5Ix2bOCzbtrVn6726Z9uDyqZykqRyY17HZw7KrPMZv2/Gsiz1tPfojq275diOqvWqXj/1ig6de1V1v9q6OQAAAADccIS/AAAAAG4qE4aqnz6t0ssvSZIS3T1qu+9+JXp6m7d7nryz5xR5fsueG4+VSCgzNKJEd3O2qV+cU/XgQflTUzJh2Lp5bJkoUGPqoMpH/k6SlOjYovxtP6lEx9bm7WFd4cIJKdz4objtppQduEvJwpAkyZ8/q9qp7ypcPC1FQevmsRVGoU5MHdXzR78rSepp79e+2x5Vf8eAJKkR1HSqeFReuPFD8YSb0EjfVvV09kiSZhdn9OrpFzW+MKZwE605AAAAgPWB8BcAAADATRVWKqocPKhgYUFWIqHcnXcqMzoqy7Zlokj+1JTCcmlDV4CuZGezymzfITuVkvF91c+eUe3YMYWl+LzGtxLVFlQ79T2FlWlZbkqZ7Y8pPXS/LNtZnvNrGguxOR5Opl3ZkftlJ7OKAk/1yUPyJl6Wacxvmvm/5fqiXjv9kuYrc0q6Se3d/qBu37JHtu0oMqHGF8e0WJ+TicmaZ9NZ7RwcVSqZlh/4Gps6pTfGX9NCfY75vwAAAABuKsJfAAAAADeNCUM1xsdVOXRQkpTs61f2tl0X2j2XSvKLxTVXxUaNhvz5eXnTk/JmZxTV69c/QDRGUb0ub3ZG3vSU/GLxito2W7atRFe3kv3NisdgYV6106fkTUwq8rzWzWPHRIEas8dUPfV9SVKiMKLM8AOyU+2SpKhelKlOx6oq1rJdpTqGlO7dKUnyS9Oqjx9QsHBqU7R/DqNQZ2ZP69VTzer+gcKQ7hi6W9lUXpK0UJ/TbGViTVWxxhhVG1VNFCc0Nj2m8dlzKtVKiq5zq+jIRCrVShqfPaex6TFNFCdUbVTXHE47tqPujh5t6dkiSZovzev45FGdmz+lRlBr3RwAAAAAbhjn4x//+L9uvRIAEH+2zed/AAA3X1Sva/GF51U7dkRWMqncPfeo7d77ZCcSMkEgf3xcYbn8lgGuCUP5xTnVTp5Q/eyYGuPn5M9MK1hclIkiOfm8LMtq3e2KmShSY/ycaqdOqH5mTI3JSfmzMworZVmuKzuVkrWGf1Ntx5GMkT83J+M3A183l1OiUJCTTkvX4bmuV1GjrMrhv1L97IuyEmnldrxT+dGfkOWmpNBXtHiyWfUbs+pI201IxsibP6PIr0uK5Oa65OYHZCVysV7zWqOq773xTR0+e0CpREr37dinB0ffroSblB96GiseU6lefMuKWD/wNVGc0LGzR3Vy/KTOzpzV1PyU5ssLCsNAuUxeju207nbFvMDT6clTOnbumE5NntK5mXOamZ9Wqbooy7KUSWbW9Diu48oYo9mFGXlB8zzPZbPqzvcqm7w+35MAALhSUfTm/94CAOKH8BcANinCXwDATWeMgmJRc3/7N4rqdaX6B9TxtkeV6u+XJIXFefkzszLBW8z6NUb+3KzKBw+oMX5OYbmsqFFXVKspWJhXsLggO5FUor3j2gI2Y1Q/M6bK4YPypicV1WqKGnWF1Yr8hXmF5ZLcfJucTPatH8eyZDmuwlpVwcKCjO/Lbe+Qm8vJaW+X5bqte8SEUVia0PwL/5cir6xk1za13fU+JQs7JElRfUamPCFFb7HmS0zoyZsfU+3cq6pPvqHGzHGF9Xk5yaxsN/XW67AmRpFXU336DdXGX1d96oi84pgivyInkZXlJlt3uDTLlu0kFNYX5JemFPkNJdt7lcgVZKW7ZDmJ1j1iwchotjSjv3jhj1XzqhrsGtE77/xJbSkMS5LmqlOaLp+VH7551XtkIk3PT+m1469pYm5c9UZNfuCr4TW0WFnQfLko13XV1dZ9TaGqMUbHx4/p4MnXNbswo4bXkB/4qnt1LZTnVaqU1JbNK5fJveXjWJYl13FVrVc1X56XH3jqyHcqn82qM92thLPG9w4AANcR4S8AbD785h8AAADATWHCULXjxxQUi7IcR8ktg0qPjDRv830FC/NraoMc1qqqnT4pf25Wii5u/RqWS6ocPqiwfm3tdcN6vXk/5VLrTVIUyZ+bVe30SYW1auutl+Rks0p298hONmf/ejPT8mamFZRKMpd4HXFgQl+1c/sVlCZk2a6S3aNK9d3ZvDH0ZKozMuHaWmhHXlmVsZe0cPi/qXT8+yqfel7lU8+rdOw5zR/+W/mV6etSPRw2Klo8+k0tHvmWyid+0Hyckz/Q4pFvqXTiuwqqs627XJaTbleyMCI7mZEJGmrMnZK/cEamsSATra21+UYThIGOnHtdc6VpOY6roZ5t2t43Kknyw4bmqlNraoNcrVd1avKU5svFS7ZertareuP0YZXr5dabrki5XtYbpw+rWr/4PDbGaL5c1KnJU5e8/VKyqYx6O3uVSqbkB76m56c0uXBOi405hTFdcwAAAADrC+EvAAAAgJvC+J7Kr70mSXLaO5QZHZWdSkmSwnJZYaUirWGOZ1ipypucXG4NnezuVf6ue5UaGJTlNCtow0pZ3vRUy55XxpueUlhpBkuW4yo1MKj8Xfcq2d3b3MAYeZOTCitrC4VkWXI7OuW2d0jSUvvoisJiUVrjjOONxgQNVY9/S5Lk5LqVHrxPdiInSYoaCzJeaU1r3pwbfFLlkz+QvzAhE16oFA7rZdUnj2r+4N8stVe+BiZS5fQLqp59TUGluBzQmihUUCmqevZVVcZeVFhfbN3z0ixbibZeJfI9kqRGcUxhbV6mNiXLxHPN/aChl078UJLUmS3o9i13Kp1ozvRerM+r3Jhf07zear2iybkJGWNkW7ZG+rfqbXc/qp1Do0q4zarpSq2i8dnx1l2vyPjsuCq1iiQp4Sa0c2hUb7v7UY30b5Vt2TLGaHJuQtV6c5u3Ylm2OvKd6sh1SpKmi1Mq18qaqUwoNG894xgAAAAArhXhLwAAAICbIqxUVR87JUlyOzqU2b5dWqoIDhYXFa2xUteEgSKvWS1qp9JKjWxVdsdOZUdvk51phkySFFbXFtZczsr97UxG2dHblN2xU6mRrbJTaUlS5DVkwrUHOk4+L7ejXZIUVqsKSyX5xeI1VymvV2F9UY3Jg5IkN9+n9JZ7mzdEoUy9KLOGClAt3U9t6rDC81WetiMn2yE7lWm2ejaRvLkx1aYOte56RcL6gipjLy2Hy5aTkJvtkJ1svq8iv6Hq+OsKqsWWPS/PzfUo0bbU2rxWUlCZVViZUuSv8UMDG0ylUdHJqaOSpM58t0a33CFJCqNAC7UZ1df4uoMwVGPpPE8lU9rSM6itfVu1fcsOpVMXzvO6t7b30OWs3D+dymj7lh3a2rdVW3oGlUo2P5zS8BoKruADGu3ZdnXkmx/yqNSrWqwuarY8pZp/bd+TAAAAAGAtCH8BAAAA3HjGqH72rIzvy3JcJQpdcjualXFRo66oXluu5F2TpW1NEDRbP9u2It9f3Qb6Su7vUlbub0yzNbNtS1HUfNzWbdbATiTktHU0w2MTyV+Yl2k0FM7NyVxBuLQhGCNv+g2ZsCHLduXm++Tm+5o3BVUZf22V3pIUeTX55Znlr7ODd6nrvg+ocPfPyM0Wmlcao8b0sQs7XYWgVlS0FAbaibTy2x5U90P/WG23vUN26nzFclV+ZWZV9fGbsd2U3Hy37GS2ueaLE4q8qkxtSiZa+wcHNgJjjE5Pn5Af+HIcV11tPSrkuiRJNb+iildeU9WvmoXysq3mryz8wFetXlUQBlqsLCp4q7ngVykI/Ob9h4Fq9ar8pcexLfuKxkkn3IQ68h1KJ9MyJtJ8uaiGX9dMeVxhzNYcAAAAwPpD+AsAAADghjNRpNrJE5IkO5tRamRElt38cSSqVhXV1l69Z6dSy62TTRiocvh1Fb/9TZVf3b9q/m6ytxk0Xq2V+4fVikovv6jit7+pyuHXl6t93faO5dbVa+XmcssVysHCgiLfVzA/f8n5xRuZMaHq469Ikux0Xsn+OyTLad7mlaQrqoKMlo+P5SaV7BxSsn1AycJW2W6zCluSQu9K7vNiK2cv24m0Ul0jcrMFJfI9ctL5pY2MjF+XWXPbZktutiAn0yZJ8kuTMkFdUXV6zeH3RhGZSEfHm9XXuVRO2/tGlwPccmNRVe8S87MvI51Mq7Ot+QGRIAx08OTr+svvPaP9R15S3btQKT/QtWXFXldu5f51r679R17SX37vGR08+bqCpfO8s61T6eSF99la5DN5ZdNZSdJ8uSgv8DRXmVS05vcNAAAAAFwdwl8AAAAAN54x8sbPSZLsdEapwaHm1WGoqFqT8dZeyefkckr1Dyx/HTUa8ouzzeB3qRLX7exWotCsOLxaiUKX3M7u5hfGKKxV5RdnFTWarWglKdU/ICfXrAhdKyefk5NthkJBuSwTBIoaDYUr7jcWjJE3d1ySZCfblOq5vXl9FMr4FZnwCl6vZS/PczaBp+qZ/aqe3a/SsW8rqF1owewuzda9HoLaokonf6Da5AFVx19TUJ5dvs3JdMhykqu2fzNOtiA33fzAQlCdVxT4UlCXCeLV7tuYSGfnTkuSMsmcRrqbrd3DKFDVL8m7gjVvy7Zra/82OXbzAwNBGKju1eUHvszSed7f3a/u9qVz9Cp1t3erv7vZltsYIz/wVffqy8GvYzva2r9Nbdlmu/a1ymXalEk3vzeUKmUFQaB6UFNtja3OAQAAAOBqEf4CAAAAuOFMFKl+6qS0VLmb6GkGNsbzFDWuLACzkylltu9UemR7sw3zcj9WS7Isue0d6tj3sCynGRpdLctx1LHv4WaVsWU171/n+9HaSo9sV2b7TtlLc0HXysnm5GSa4a9p1Jvzi41ROD9/xW2k1zMThWpMvCZJshNZue3DzevDuox/ZQGYk8or2TG4vAbe/DkVX/1LlU88v9ymWZalbP/u1TteoVTXdjmZpZDPRGrMnNbcS3+q6tirF6q9891yM52ylipa18LNFOQshb9Ro6rIa7a8NrVpSfFZ8zCKdHziDUlSOpFWb0fzQxqNoLbmWb/nuY6r4b4R7Rwaleu4sixr+WJbtnoKvXpo98PL4fDVcmxHD+1+WD2F3qX2zhcex3Vc7Rwa1XDfiNylDx+sVT6dUy7VPM8bXl0Nvy5jjIqVqeXwGgAAAABuhLX/tAoAAAAAV8kbH2/+xbbl5PNyc80WupHnKWp4qzdeAyeXU9s996r9vgeVHNgiJ5dXoqdX+TvvVufb3yH3CqtxL8fN5dT59ncof+fdSvT0ysnllRzYovb7HlTbPfdecdXveXYmIzvZrBwNyyWZMJSpXFvL4vXGX6r6lWXLznbIySzN5g3qUniF4W+6Q5ktdynR3itdInS1HFe54XuU7GpWml4ty3LUfvuPyXYvFehbspMZ5bY+IDff23rjW3LSedmJZuvgoDorEwUy3mLrZhvauaWqX9uylc+0qy3dbHXdCOpXHP5KUjaV1b2j9+ptd79dO4Z2aqhvWFsHtun+Ox7Uu+79MeXPt+K+Rvl0Xu+698d0/x0PauvANg31DWvH0E697e63697Re5VdCnGvVCadUTLRPM8XqyWFUahSYz5WgT8AAACA9efin5oBAAAA4Do7P4vXcl25XRfatJrAl/GvPPyVJDuZVGbrNhUeeVQ97/kpdb3jXcrtukPO0jzd68XJZJTbdYe63vEu9bznp1R45FFltm5bDm+vhuUmpKXK5LBWlzGRwmp11czZjS6sN4NNy03IbW+21ZUkE/kywdrb/56X7BxR++2PK9W9TU66TXYyKzuVlZvtVG7bA+rY/fdkLc0UvmqWpUz/HnXc9R4l2vuagW0yKyeVU6K9V+273qXs4D2XCYffnOUml1tXh/VFmSiU8cqxWvNKoyxJct2EejouzMz2Q0/eVay5JLlOQkM9w9p3x8N67O536G13vl23Dd2mhJto3fSaJNyEbhu6TW+78+167O53aN8dD2uoZ1iuc/WPk3ATcpbO81qjpshEqjQWFcVs1jMAAACA9YXwFwAAAMAN58/NSZIs216edytjZDxfxm+2091MnOyFyt/Ia0iRUeTH61j4pWa1t2U5slPnWykbKWxI0dpnPJ9n2Y7SPbepa+9/p857n1DH7sfVsfvH1f3gL6hj149f0QzeN2PZrrID96j7wX+kzrv/vtpvf5c67nyPuh/4eeVGHpTtNqt3r5STaZedaH4wIfJrkomk0JMVXV0ouh7NLk5LkhzLUS7VrMo1xsgLG/Kjq/uQx0aWTeWUWvqggOc3ZKJo0x4LAAAAADcP4S8AAACAGy4sNysCLcdtztCVmq2O/SsPAWMnutACNmpcWTvk9czUipIky0lcaJNsApnw2oIvO5FVumuHsoP3KbvlXrm5nku2gr4mliUn1aZ0zy7lhh9Qpv9OOenO1q2umllR+Wmuoh3yelVaqvZ2HFeFXJckKTC+vDA+AffVMsYsN3uuec3vhwAAAABwI1znn5ABAAAAYG1MFMmEYevVm4LluLLsZjvYyGtWBEq6qvnHG4mJQimKT3XzlbCchLS85pXmsZBkYh6MRlGo8CoqvePAcRzZdvPXLnW/LmOa8W89iM+HPAAAAACsP4S/');
INSERT INTO `subsubcategories` (`id`, `category_id`, `subcategory_id`, `name`, `created_at`, `description`, `title`, `meta_keywords`, `meta_description`, `sections`) VALUES
(12, 3, 6, 'Cloud Computing', '2025-04-20 17:29:09', 'AWS, Azure, GCP', 'Cloud Certifications', 'aws,azure,gcp', 'Get started with cloud', NULL),
(13, 7, 5, 'Kieran Yang', '2025-04-28 05:46:17', 'Itaque sit qui in n', 'Quae tempor dolorum ', 'Quae sit et volupta', 'Est mollit voluptate', '[{\"title\":\"Distinctio Culpa re\",\"description\":\"<ul><li>Distinctio Culpa re</li><li>Distinctio Culpa re</li><li>Distinctio Culpa re</li></ul>\",\"image\":\"\"},{\"title\":\"Unde consequat Maxi\",\"description\":\"<p>Distinctio Culpa reDistinctio Culpa reDistinctio Culpa reDistinctio Culpa reDistinctio Culpa reDistinctio Culpa reDistinctio Culpa reDistinctio Culpa reDistinctio Culpa reDistinctio Culpa reDistinctio Culpa reDistinctio Culpa reDistinctio Culpa reDistinctio Culpa reDistinctio Culpa reDistinctio Culpa reDistinctio Culpa reDistinctio Culpa reDistinctio Culpa reDistinctio Culpa reDistinctio Culpa reDistinctio Culpa reDistinctio Culpa reDistinctio Culpa reDistinctio Culpa reDistinctio Culpa reDistinctio Culpa reDistinctio Culpa reDistinctio Culpa reDistinctio Culpa reDistinctio Culpa reDistinctio Culpa reDistinctio Culpa reDistinctio Culpa reDistinctio Culpa reDistinctio Culpa reDistinctio Culpa reDistinctio Culpa reDistinctio Culpa reDistinctio Culpa reDistinctio Culpa reDistinctio Culpa reDistinctio Culpa reDistinctio Culpa reDistinctio Culpa reDistinctio Culpa reDistinctio Culpa reDistinctio Culpa reDistinctio Culpa reDistinctio Culpa reDistinctio Culpa reDistinctio Culpa reDistinctio Culpa reDistinctio Culpa reDistinctio Culpa reDistinctio Culpa reDistinctio Culpa reDistinctio Culpa reDistinctio Culpa reDistinctio Culpa reDistinctio Culpa reDistinctio Culpa reDistinctio Culpa reDistinctio Culpa reDistinctio Culpa reDistinctio Culpa reDistinctio Culpa reDistinctio Culpa reDistinctio Culpa reDistinctio Culpa reDistinctio Culpa reDistinctio Culpa reDistinctio Culpa reDistinctio Culpa reDistinctio Culpa reDistinctio Culpa reDistinctio Culpa reDistinctio Culpa reDistinctio Culpa reDistinctio Culpa reDistinctio Culpa reDistinctio Culpa reDistinctio Culpa reDistinctio Culpa reDistinctio Culpa reDistinctio Culpa reDistinctio Culpa reDistinctio Culpa reDistinctio Culpa reDistinctio Culpa reDistinctio Culpa reDistinctio Culpa reDistinctio Culpa reDistinctio Culpa reDistinctio Culpa reDistinctio Culpa reDistinctio Culpa reDistinctio Culpa re</p>\",\"image\":\"http://localhost:5000/uploads/sections/section_1745819451141_WhatsApp_Image_2025-02-23_at_10.07.38_d18b3acb.jpg\"}]');

-- --------------------------------------------------------

--
-- Table structure for table `users`
--

CREATE TABLE `users` (
  `id` int(255) NOT NULL,
  `name` varchar(255) NOT NULL,
  `email` varchar(255) NOT NULL
) ENGINE=InnoDB DEFAULT CHARSET=utf8mb4 COLLATE=utf8mb4_general_ci;

--
-- Indexes for dumped tables
--

--
-- Indexes for table `category`
--
ALTER TABLE `category`
  ADD PRIMARY KEY (`id`);

--
-- Indexes for table `subcategories`
--
ALTER TABLE `subcategories`
  ADD PRIMARY KEY (`id`);

--
-- Indexes for table `subsubcategories`
--
ALTER TABLE `subsubcategories`
  ADD PRIMARY KEY (`id`),
  ADD UNIQUE KEY `unique_subsubcategory` (`category_id`,`subcategory_id`,`name`);

--
-- Indexes for table `users`
--
ALTER TABLE `users`
  ADD PRIMARY KEY (`id`);

--
-- AUTO_INCREMENT for dumped tables
--

--
-- AUTO_INCREMENT for table `category`
--
ALTER TABLE `category`
  MODIFY `id` int(11) NOT NULL AUTO_INCREMENT, AUTO_INCREMENT=8;

--
-- AUTO_INCREMENT for table `subcategories`
--
ALTER TABLE `subcategories`
  MODIFY `id` int(11) NOT NULL AUTO_INCREMENT, AUTO_INCREMENT=6;

--
-- AUTO_INCREMENT for table `subsubcategories`
--
ALTER TABLE `subsubcategories`
  MODIFY `id` int(11) NOT NULL AUTO_INCREMENT, AUTO_INCREMENT=14;

--
-- AUTO_INCREMENT for table `users`
--
ALTER TABLE `users`
  MODIFY `id` int(255) NOT NULL AUTO_INCREMENT;
COMMIT;

/*!40101 SET CHARACTER_SET_CLIENT=@OLD_CHARACTER_SET_CLIENT */;
/*!40101 SET CHARACTER_SET_RESULTS=@OLD_CHARACTER_SET_RESULTS */;
/*!40101 SET COLLATION_CONNECTION=@OLD_COLLATION_CONNECTION */;
